resourceID,type,title,authorCreator,category,totalCopies,availableCopies,availabilityStatus,isDeleted,ISBN,publisher,yearPublished,director,durationMinutes,genre,narrator,format,volumeNumber,issueNumber,publicationDate,editionDate,region
1,book,Data Structures Vol 8,Donald Knuth,CS,4,4,Available,0,978-1-760086091,Springer,2016,,,,,,,,,,
2,book,Database Systems Vol 2,Thomas Cormen,AI,2,2,Available,0,978-1-291784317,McGraw Hill,2010,,,,,,,,,,
3,book,Discrete Mathematics Vol 9,Robert Martin,Math,7,7,Available,0,978-1-481877957,Cambridge,2007,,,,,,,,,,
4,book,Operating Systems Vol 1,Andrew Tanenbaum,AI,5,5,Available,0,978-1-151470507,McGraw Hill,1998,,,,,,,,,,
5,book,Discrete Mathematics Vol 3,Thomas Cormen,Math,7,7,Available,0,978-1-241724255,Springer,2021,,,,,,,,,,
6,book,Operating Systems Vol 2,Ian Sommerville,Education,7,7,Available,0,978-1-644230682,Springer,2018,,,,,,,,,,
7,book,Digital Logic Vol 7,Bjarne Stroustrup,CS,7,7,Available,0,978-1-201864242,Springer,2021,,,,,,,,,,
8,book,Computer Networks Vol 2,Donald Knuth,Education,6,6,Available,0,978-1-285447749,Springer,2015,,,,,,,,,,
9,book,Database Systems Vol 1,Stuart Russell,Math,6,6,Available,0,978-1-705450754,Cambridge,2015,,,,,,,,,,
10,book,Linear Algebra Vol 10,Robert Martin,AI,6,6,Available,0,978-1-224180442,Cambridge,2000,,,,,,,,,,
11,book,Operating Systems Vol 8,Robert Martin,Math,2,2,Available,0,978-1-734269075,McGraw Hill,2023,,,,,,,,,,
12,book,Data Structures Vol 10,Ian Sommerville,Education,6,6,Available,0,978-1-672023326,MIT Press,2001,,,,,,,,,,
13,book,Machine Learning Vol 2,Andrew Tanenbaum,Education,4,4,Available,0,978-1-879845467,Oxford Press,2020,,,,,,,,,,
14,book,Artificial Intelligence Vol 3,Ian Sommerville,AI,3,3,Available,0,978-1-160577682,MIT Press,1996,,,,,,,,,,
15,book,Artificial Intelligence Vol 7,Bjarne Stroustrup,Engineering,5,5,Available,0,978-1-233929084,Cambridge,2007,,,,,,,,,,
16,book,Linear Algebra Vol 4,Robert Martin,Math,2,2,Available,0,978-1-449415409,Cambridge,2000,,,,,,,,,,
17,book,Operating Systems Vol 7,Andrew Tanenbaum,Math,8,8,Available,0,978-1-401470948,Springer,2015,,,,,,,,,,
18,book,Discrete Mathematics Vol 8,Andrew Tanenbaum,Education,2,2,Available,0,978-1-552400437,Pearson,2020,,,,,,,,,,
19,book,Digital Logic Vol 2,Robert Martin,AI,2,2,Available,0,978-1-167482305,Oxford Press,2008,,,,,,,,,,
20,book,Discrete Mathematics Vol 5,Andrew Tanenbaum,AI,3,3,Available,0,978-1-296885996,Cambridge,2016,,,,,,,,,,
21,book,Discrete Mathematics Vol 4,Bjarne Stroustrup,CS,6,6,Available,0,978-1-588394170,Pearson,2008,,,,,,,,,,
22,book,Machine Learning Vol 3,Robert Martin,Education,5,5,Available,0,978-1-780677908,MIT Press,2019,,,,,,,,,,
23,book,Digital Logic Vol 4,Robert Martin,AI,6,6,Available,0,978-1-778601261,Springer,1999,,,,,,,,,,
24,book,Data Structures Vol 10,Stuart Russell,CS,5,5,Available,0,978-1-564523934,Cambridge,2004,,,,,,,,,,
25,book,Data Structures Vol 9,Andrew Tanenbaum,Education,5,5,Available,0,978-1-214325065,Pearson,2000,,,,,,,,,,
26,book,Computer Networks Vol 9,Andrew Tanenbaum,Education,5,5,Available,0,978-1-598544483,Oxford Press,2023,,,,,,,,,,
27,book,Linear Algebra Vol 5,Andrew Tanenbaum,CS,5,5,Available,0,978-1-312955305,Oxford Press,1997,,,,,,,,,,
28,book,Artificial Intelligence Vol 5,Bjarne Stroustrup,Math,3,3,Available,0,978-1-362891882,MIT Press,2003,,,,,,,,,,
29,book,Computer Networks Vol 8,Ian Sommerville,Education,4,4,Available,0,978-1-965693318,McGraw Hill,2024,,,,,,,,,,
30,book,Machine Learning Vol 8,Stuart Russell,Math,5,5,Available,0,978-1-778795124,MIT Press,2011,,,,,,,,,,
31,book,Data Structures Vol 3,Bjarne Stroustrup,Math,8,8,Available,0,978-1-935927021,Pearson,2011,,,,,,,,,,
32,book,Digital Logic Vol 5,Ian Sommerville,CS,7,7,Available,0,978-1-765687573,Oxford Press,1999,,,,,,,,,,
33,book,Computer Networks Vol 6,Bjarne Stroustrup,Engineering,2,2,Available,0,978-1-114883387,Springer,2001,,,,,,,,,,
34,book,Database Systems Vol 8,Robert Martin,CS,7,7,Available,0,978-1-662584659,Oxford Press,2005,,,,,,,,,,
35,book,Machine Learning Vol 4,Ian Sommerville,Math,8,8,Available,0,978-1-286714202,McGraw Hill,2008,,,,,,,,,,
36,book,Artificial Intelligence Vol 5,Ian Sommerville,CS,6,6,Available,0,978-1-861842702,Springer,2009,,,,,,,,,,
37,book,Artificial Intelligence Vol 6,Ian Sommerville,Education,3,3,Available,0,978-1-856586132,MIT Press,2016,,,,,,,,,,
38,book,Data Structures Vol 3,Bjarne Stroustrup,Engineering,7,7,Available,0,978-1-859881868,Oxford Press,2014,,,,,,,,,,
39,book,Operating Systems Vol 9,Andrew Tanenbaum,Math,7,7,Available,0,978-1-471398474,Oxford Press,2019,,,,,,,,,,
40,book,Discrete Mathematics Vol 4,Donald Knuth,Math,2,2,Available,0,978-1-583767102,Pearson,2018,,,,,,,,,,
41,book,Machine Learning Vol 10,Donald Knuth,Education,3,3,Available,0,978-1-133090500,MIT Press,1995,,,,,,,,,,
42,book,Artificial Intelligence Vol 3,Thomas Cormen,Math,2,2,Available,0,978-1-399710754,Springer,2023,,,,,,,,,,
43,book,Discrete Mathematics Vol 1,Andrew Tanenbaum,AI,8,8,Available,0,978-1-391846659,Cambridge,1998,,,,,,,,,,
44,book,Database Systems Vol 3,Donald Knuth,CS,4,4,Available,0,978-1-872951604,Springer,2007,,,,,,,,,,
45,book,Linear Algebra Vol 10,Robert Martin,Engineering,8,8,Available,0,978-1-955857628,Oxford Press,1999,,,,,,,,,,
46,book,Computer Networks Vol 1,Bjarne Stroustrup,Education,7,7,Available,0,978-1-892501765,McGraw Hill,2017,,,,,,,,,,
47,book,Digital Logic Vol 1,Thomas Cormen,Math,5,5,Available,0,978-1-552126754,Cambridge,1995,,,,,,,,,,
48,book,Machine Learning Vol 2,Robert Martin,Engineering,7,7,Available,0,978-1-428018009,Cambridge,2023,,,,,,,,,,
49,book,Machine Learning Vol 7,Ian Sommerville,Engineering,5,5,Available,0,978-1-599574201,Cambridge,2020,,,,,,,,,,
50,book,Software Engineering Vol 9,Ian Sommerville,Engineering,8,8,Available,0,978-1-880118761,Springer,2005,,,,,,,,,,
51,book,Discrete Mathematics Vol 2,Robert Martin,Education,4,4,Available,0,978-1-388626547,MIT Press,2018,,,,,,,,,,
52,book,Data Structures Vol 9,Andrew Tanenbaum,AI,7,7,Available,0,978-1-815097827,Pearson,2009,,,,,,,,,,
53,book,Operating Systems Vol 8,Ian Sommerville,AI,4,4,Available,0,978-1-705367563,MIT Press,2002,,,,,,,,,,
54,book,Machine Learning Vol 10,Bjarne Stroustrup,Education,3,3,Available,0,978-1-646116158,Springer,2006,,,,,,,,,,
55,book,Data Structures Vol 7,Andrew Tanenbaum,AI,7,7,Available,0,978-1-209137722,Cambridge,2011,,,,,,,,,,
56,book,Data Structures Vol 2,Thomas Cormen,Engineering,6,6,Available,0,978-1-719405636,Oxford Press,2015,,,,,,,,,,
57,book,Artificial Intelligence Vol 3,Donald Knuth,CS,8,8,Available,0,978-1-752917374,MIT Press,2013,,,,,,,,,,
58,book,Operating Systems Vol 2,Donald Knuth,CS,4,4,Available,0,978-1-698874094,Oxford Press,2008,,,,,,,,,,
59,book,Linear Algebra Vol 4,Stuart Russell,AI,2,2,Available,0,978-1-673601243,Cambridge,2001,,,,,,,,,,
60,book,Database Systems Vol 4,Robert Martin,CS,7,7,Available,0,978-1-177245167,Oxford Press,2022,,,,,,,,,,
61,book,Software Engineering Vol 10,Robert Martin,Engineering,7,7,Available,0,978-1-427275786,McGraw Hill,2015,,,,,,,,,,
62,book,Software Engineering Vol 1,Stuart Russell,CS,2,2,Available,0,978-1-868054571,Pearson,2018,,,,,,,,,,
63,book,Artificial Intelligence Vol 1,Andrew Tanenbaum,CS,4,4,Available,0,978-1-296540186,Oxford Press,2004,,,,,,,,,,
64,book,Artificial Intelligence Vol 9,Thomas Cormen,Engineering,3,3,Available,0,978-1-872081090,MIT Press,2012,,,,,,,,,,
65,book,Discrete Mathematics Vol 3,Donald Knuth,Math,2,2,Available,0,978-1-567168283,Springer,2005,,,,,,,,,,
66,book,Software Engineering Vol 2,Donald Knuth,AI,2,2,Available,0,978-1-734770669,Cambridge,2007,,,,,,,,,,
67,book,Discrete Mathematics Vol 10,Thomas Cormen,CS,3,3,Available,0,978-1-528761330,Springer,2014,,,,,,,,,,
68,book,Artificial Intelligence Vol 9,Stuart Russell,Math,5,5,Available,0,978-1-219989347,McGraw Hill,2004,,,,,,,,,,
69,book,Data Structures Vol 5,Donald Knuth,Engineering,7,7,Available,0,978-1-507477926,Oxford Press,1996,,,,,,,,,,
70,book,Operating Systems Vol 3,Stuart Russell,Education,5,5,Available,0,978-1-663980957,Oxford Press,2020,,,,,,,,,,
71,book,Machine Learning Vol 5,Bjarne Stroustrup,Math,2,2,Available,0,978-1-223640370,Oxford Press,2005,,,,,,,,,,
72,book,Machine Learning Vol 5,Thomas Cormen,Engineering,5,5,Available,0,978-1-624509502,McGraw Hill,2005,,,,,,,,,,
73,book,Data Structures Vol 4,Stuart Russell,AI,5,5,Available,0,978-1-740953887,MIT Press,2012,,,,,,,,,,
74,book,Computer Networks Vol 5,Bjarne Stroustrup,CS,2,2,Available,0,978-1-862647097,Springer,2012,,,,,,,,,,
75,book,Data Structures Vol 7,Stuart Russell,AI,6,6,Available,0,978-1-908944492,Pearson,2022,,,,,,,,,,
76,book,Discrete Mathematics Vol 2,Stuart Russell,CS,4,4,Available,0,978-1-295747041,Oxford Press,2006,,,,,,,,,,
77,book,Machine Learning Vol 8,Robert Martin,Education,2,2,Available,0,978-1-513045388,McGraw Hill,2003,,,,,,,,,,
78,book,Data Structures Vol 6,Robert Martin,Math,7,7,Available,0,978-1-903635913,Pearson,2000,,,,,,,,,,
79,book,Data Structures Vol 5,Robert Martin,Engineering,4,4,Available,0,978-1-422639898,Springer,1999,,,,,,,,,,
80,book,Linear Algebra Vol 10,Robert Martin,AI,3,3,Available,0,978-1-220788088,Cambridge,2024,,,,,,,,,,
81,book,Database Systems Vol 9,Robert Martin,AI,8,8,Available,0,978-1-314569461,Cambridge,2010,,,,,,,,,,
82,book,Data Structures Vol 9,Thomas Cormen,Math,7,7,Available,0,978-1-811679110,MIT Press,2001,,,,,,,,,,
83,book,Digital Logic Vol 4,Bjarne Stroustrup,Engineering,2,2,Available,0,978-1-625024642,Pearson,2019,,,,,,,,,,
84,book,Machine Learning Vol 1,Bjarne Stroustrup,Education,6,6,Available,0,978-1-790934569,MIT Press,2019,,,,,,,,,,
85,book,Database Systems Vol 9,Ian Sommerville,CS,8,8,Available,0,978-1-633657443,MIT Press,2013,,,,,,,,,,
86,book,Artificial Intelligence Vol 5,Ian Sommerville,Engineering,6,6,Available,0,978-1-678179321,MIT Press,2002,,,,,,,,,,
87,book,Database Systems Vol 4,Robert Martin,AI,3,3,Available,0,978-1-950431032,Pearson,2021,,,,,,,,,,
88,book,Database Systems Vol 3,Thomas Cormen,Education,3,3,Available,0,978-1-579262754,Pearson,2022,,,,,,,,,,
89,book,Software Engineering Vol 5,Ian Sommerville,Engineering,4,4,Available,0,978-1-113738114,Springer,2019,,,,,,,,,,
90,book,Discrete Mathematics Vol 1,Ian Sommerville,CS,5,5,Available,0,978-1-306638831,Oxford Press,2012,,,,,,,,,,
91,book,Linear Algebra Vol 7,Bjarne Stroustrup,CS,3,3,Available,0,978-1-851542984,Pearson,2021,,,,,,,,,,
92,book,Database Systems Vol 4,Ian Sommerville,CS,6,6,Available,0,978-1-257909217,Oxford Press,2021,,,,,,,,,,
93,book,Data Structures Vol 2,Stuart Russell,Engineering,2,2,Available,0,978-1-198451485,Pearson,2024,,,,,,,,,,
94,book,Data Structures Vol 2,Stuart Russell,Engineering,5,5,Available,0,978-1-699307982,Oxford Press,1999,,,,,,,,,,
95,book,Discrete Mathematics Vol 10,Bjarne Stroustrup,Engineering,2,2,Available,0,978-1-697412561,Pearson,2021,,,,,,,,,,
96,book,Operating Systems Vol 3,Robert Martin,Math,8,8,Available,0,978-1-888939033,McGraw Hill,2001,,,,,,,,,,
97,book,Software Engineering Vol 7,Thomas Cormen,Math,6,6,Available,0,978-1-289194255,Oxford Press,2013,,,,,,,,,,
98,book,Linear Algebra Vol 10,Donald Knuth,Engineering,6,6,Available,0,978-1-814385441,Cambridge,2001,,,,,,,,,,
99,book,Operating Systems Vol 3,Robert Martin,Math,5,5,Available,0,978-1-870157047,Pearson,2002,,,,,,,,,,
100,book,Computer Networks Vol 6,Andrew Tanenbaum,Education,6,6,Available,0,978-1-390986157,McGraw Hill,2024,,,,,,,,,,
101,book,Discrete Mathematics Vol 6,Bjarne Stroustrup,Education,4,4,Available,0,978-1-506778733,MIT Press,2016,,,,,,,,,,
102,book,Computer Networks Vol 6,Thomas Cormen,CS,7,7,Available,0,978-1-684166686,McGraw Hill,2008,,,,,,,,,,
103,book,Machine Learning Vol 5,Stuart Russell,Math,3,3,Available,0,978-1-918357673,Oxford Press,2016,,,,,,,,,,
104,book,Software Engineering Vol 10,Ian Sommerville,Math,3,3,Available,0,978-1-283639750,Oxford Press,2020,,,,,,,,,,
105,book,Artificial Intelligence Vol 7,Ian Sommerville,AI,5,5,Available,0,978-1-594983803,Cambridge,1996,,,,,,,,,,
106,book,Digital Logic Vol 8,Ian Sommerville,Math,5,5,Available,0,978-1-766307189,McGraw Hill,2010,,,,,,,,,,
107,book,Operating Systems Vol 8,Stuart Russell,AI,5,5,Available,0,978-1-514158311,Pearson,2003,,,,,,,,,,
108,book,Computer Networks Vol 9,Andrew Tanenbaum,Education,3,3,Available,0,978-1-360249598,MIT Press,2015,,,,,,,,,,
109,book,Digital Logic Vol 5,Ian Sommerville,AI,2,2,Available,0,978-1-101239280,Cambridge,2013,,,,,,,,,,
110,book,Digital Logic Vol 7,Thomas Cormen,Engineering,6,6,Available,0,978-1-694853598,Springer,2022,,,,,,,,,,
111,book,Artificial Intelligence Vol 10,Donald Knuth,Math,7,7,Available,0,978-1-869272878,Cambridge,2021,,,,,,,,,,
112,book,Data Structures Vol 10,Thomas Cormen,Math,6,6,Available,0,978-1-749644690,Pearson,2011,,,,,,,,,,
113,book,Database Systems Vol 6,Ian Sommerville,AI,2,2,Available,0,978-1-104340519,Cambridge,2021,,,,,,,,,,
114,book,Software Engineering Vol 10,Robert Martin,Education,2,2,Available,0,978-1-582614671,Cambridge,1999,,,,,,,,,,
115,book,Data Structures Vol 6,Donald Knuth,CS,6,6,Available,0,978-1-395223917,McGraw Hill,2006,,,,,,,,,,
116,book,Artificial Intelligence Vol 2,Robert Martin,Education,4,4,Available,0,978-1-461991779,McGraw Hill,2017,,,,,,,,,,
117,book,Machine Learning Vol 6,Donald Knuth,Engineering,8,8,Available,0,978-1-929245236,Cambridge,2018,,,,,,,,,,
118,book,Discrete Mathematics Vol 5,Donald Knuth,AI,3,3,Available,0,978-1-444087850,Cambridge,1997,,,,,,,,,,
119,book,Data Structures Vol 5,Andrew Tanenbaum,Engineering,2,2,Available,0,978-1-967844605,McGraw Hill,2020,,,,,,,,,,
120,book,Linear Algebra Vol 1,Robert Martin,Education,4,4,Available,0,978-1-820852801,MIT Press,1995,,,,,,,,,,
121,book,Operating Systems Vol 10,Stuart Russell,CS,5,5,Available,0,978-1-791608809,McGraw Hill,2004,,,,,,,,,,
122,book,Operating Systems Vol 1,Stuart Russell,AI,6,6,Available,0,978-1-836192338,Oxford Press,2006,,,,,,,,,,
123,book,Computer Networks Vol 2,Andrew Tanenbaum,Engineering,5,5,Available,0,978-1-344057076,Oxford Press,2002,,,,,,,,,,
124,book,Software Engineering Vol 8,Ian Sommerville,AI,7,7,Available,0,978-1-890212560,Oxford Press,2010,,,,,,,,,,
125,book,Linear Algebra Vol 5,Ian Sommerville,Education,8,8,Available,0,978-1-800720269,Springer,1999,,,,,,,,,,
126,book,Artificial Intelligence Vol 3,Andrew Tanenbaum,AI,7,7,Available,0,978-1-533729355,McGraw Hill,2012,,,,,,,,,,
127,book,Software Engineering Vol 5,Donald Knuth,Engineering,3,3,Available,0,978-1-945731391,Cambridge,2009,,,,,,,,,,
128,book,Database Systems Vol 7,Andrew Tanenbaum,Math,2,2,Available,0,978-1-988962047,Springer,1996,,,,,,,,,,
129,book,Linear Algebra Vol 9,Ian Sommerville,Engineering,5,5,Available,0,978-1-230757569,Springer,2009,,,,,,,,,,
130,book,Artificial Intelligence Vol 1,Andrew Tanenbaum,Math,3,3,Available,0,978-1-463571847,Springer,2007,,,,,,,,,,
131,book,Database Systems Vol 7,Stuart Russell,CS,2,2,Available,0,978-1-753688091,MIT Press,2019,,,,,,,,,,
132,book,Digital Logic Vol 8,Ian Sommerville,AI,2,2,Available,0,978-1-756121727,Cambridge,2017,,,,,,,,,,
133,book,Artificial Intelligence Vol 4,Thomas Cormen,AI,8,8,Available,0,978-1-954683733,MIT Press,1995,,,,,,,,,,
134,book,Discrete Mathematics Vol 7,Ian Sommerville,AI,8,8,Available,0,978-1-903892214,McGraw Hill,2021,,,,,,,,,,
135,book,Operating Systems Vol 5,Donald Knuth,AI,6,6,Available,0,978-1-297646287,McGraw Hill,1999,,,,,,,,,,
136,book,Linear Algebra Vol 3,Bjarne Stroustrup,Education,8,8,Available,0,978-1-383142798,Pearson,2002,,,,,,,,,,
137,book,Machine Learning Vol 8,Robert Martin,CS,5,5,Available,0,978-1-100299812,Cambridge,2009,,,,,,,,,,
138,book,Artificial Intelligence Vol 10,Robert Martin,CS,4,4,Available,0,978-1-364885465,MIT Press,1999,,,,,,,,,,
139,book,Linear Algebra Vol 3,Robert Martin,Education,7,7,Available,0,978-1-924077591,Oxford Press,2009,,,,,,,,,,
140,book,Artificial Intelligence Vol 7,Donald Knuth,CS,5,5,Available,0,978-1-808931136,Oxford Press,2024,,,,,,,,,,
141,book,Discrete Mathematics Vol 9,Bjarne Stroustrup,Engineering,7,7,Available,0,978-1-419578114,Cambridge,2022,,,,,,,,,,
142,book,Machine Learning Vol 9,Andrew Tanenbaum,Engineering,7,7,Available,0,978-1-493978968,McGraw Hill,1997,,,,,,,,,,
143,book,Artificial Intelligence Vol 3,Andrew Tanenbaum,Math,8,8,Available,0,978-1-296592325,Cambridge,2023,,,,,,,,,,
144,book,Machine Learning Vol 2,Bjarne Stroustrup,AI,8,8,Available,0,978-1-974457547,MIT Press,2006,,,,,,,,,,
145,book,Computer Networks Vol 7,Donald Knuth,AI,6,6,Available,0,978-1-835327819,Oxford Press,2020,,,,,,,,,,
146,book,Data Structures Vol 7,Andrew Tanenbaum,AI,7,7,Available,0,978-1-913609241,MIT Press,2001,,,,,,,,,,
147,book,Digital Logic Vol 7,Donald Knuth,Math,7,7,Available,0,978-1-788618471,Oxford Press,2002,,,,,,,,,,
148,book,Machine Learning Vol 4,Bjarne Stroustrup,Math,6,6,Available,0,978-1-312601246,McGraw Hill,2014,,,,,,,,,,
149,book,Computer Networks Vol 3,Bjarne Stroustrup,Math,6,6,Available,0,978-1-267980808,Oxford Press,2018,,,,,,,,,,
150,book,Machine Learning Vol 3,Robert Martin,CS,7,7,Available,0,978-1-150599000,McGraw Hill,2015,,,,,,,,,,
151,book,Discrete Mathematics Vol 5,Donald Knuth,CS,8,8,Available,0,978-1-136822896,Springer,2019,,,,,,,,,,
152,book,Database Systems Vol 5,Andrew Tanenbaum,Engineering,2,2,Available,0,978-1-938807776,Cambridge,2006,,,,,,,,,,
153,book,Digital Logic Vol 5,Donald Knuth,CS,5,5,Available,0,978-1-756177391,Springer,2017,,,,,,,,,,
154,book,Data Structures Vol 1,Thomas Cormen,Education,7,7,Available,0,978-1-904204690,MIT Press,1996,,,,,,,,,,
155,book,Operating Systems Vol 3,Stuart Russell,Engineering,4,4,Available,0,978-1-159518483,Oxford Press,2017,,,,,,,,,,
156,book,Computer Networks Vol 4,Bjarne Stroustrup,AI,4,4,Available,0,978-1-226342948,MIT Press,1999,,,,,,,,,,
157,book,Computer Networks Vol 10,Bjarne Stroustrup,Math,8,8,Available,0,978-1-259072450,Oxford Press,2000,,,,,,,,,,
158,book,Software Engineering Vol 9,Bjarne Stroustrup,Engineering,4,4,Available,0,978-1-861374475,Oxford Press,2019,,,,,,,,,,
159,book,Machine Learning Vol 5,Donald Knuth,AI,2,2,Available,0,978-1-798281065,Springer,1996,,,,,,,,,,
160,book,Operating Systems Vol 1,Stuart Russell,CS,8,8,Available,0,978-1-373987369,Oxford Press,2007,,,,,,,,,,
161,book,Database Systems Vol 2,Andrew Tanenbaum,Math,3,3,Available,0,978-1-444719286,Pearson,2001,,,,,,,,,,
162,book,Artificial Intelligence Vol 6,Donald Knuth,Engineering,3,3,Available,0,978-1-606507223,MIT Press,2008,,,,,,,,,,
163,book,Digital Logic Vol 10,Robert Martin,CS,8,8,Available,0,978-1-481800504,Springer,1999,,,,,,,,,,
164,book,Data Structures Vol 2,Donald Knuth,Math,4,4,Available,0,978-1-886226315,MIT Press,2022,,,,,,,,,,
165,book,Machine Learning Vol 5,Robert Martin,Education,2,2,Available,0,978-1-330706731,Cambridge,2004,,,,,,,,,,
166,book,Linear Algebra Vol 8,Bjarne Stroustrup,CS,4,4,Available,0,978-1-891304553,Springer,2014,,,,,,,,,,
167,book,Linear Algebra Vol 4,Ian Sommerville,Education,2,2,Available,0,978-1-991620756,Cambridge,2003,,,,,,,,,,
168,book,Machine Learning Vol 3,Stuart Russell,CS,3,3,Available,0,978-1-522990261,MIT Press,2009,,,,,,,,,,
169,book,Operating Systems Vol 6,Thomas Cormen,Education,8,8,Available,0,978-1-698106439,Springer,2024,,,,,,,,,,
170,book,Machine Learning Vol 6,Stuart Russell,CS,5,5,Available,0,978-1-933114039,Oxford Press,2013,,,,,,,,,,
171,book,Database Systems Vol 5,Robert Martin,Math,6,6,Available,0,978-1-795658719,MIT Press,2014,,,,,,,,,,
172,book,Operating Systems Vol 2,Stuart Russell,Math,2,2,Available,0,978-1-427152594,MIT Press,2018,,,,,,,,,,
173,book,Linear Algebra Vol 4,Donald Knuth,CS,3,3,Available,0,978-1-407132450,Cambridge,1996,,,,,,,,,,
174,book,Software Engineering Vol 8,Bjarne Stroustrup,Engineering,7,7,Available,0,978-1-347663200,MIT Press,2008,,,,,,,,,,
175,book,Artificial Intelligence Vol 1,Andrew Tanenbaum,AI,8,8,Available,0,978-1-522743219,McGraw Hill,1997,,,,,,,,,,
176,book,Data Structures Vol 5,Ian Sommerville,AI,5,5,Available,0,978-1-147801618,Cambridge,2014,,,,,,,,,,
177,book,Software Engineering Vol 4,Stuart Russell,Engineering,7,7,Available,0,978-1-715119957,Oxford Press,2003,,,,,,,,,,
178,book,Digital Logic Vol 2,Robert Martin,CS,5,5,Available,0,978-1-772997008,McGraw Hill,2015,,,,,,,,,,
179,book,Linear Algebra Vol 5,Donald Knuth,Engineering,2,2,Available,0,978-1-528557508,Springer,2004,,,,,,,,,,
180,book,Discrete Mathematics Vol 5,Donald Knuth,Math,5,5,Available,0,978-1-977093176,McGraw Hill,2015,,,,,,,,,,
181,book,Machine Learning Vol 6,Ian Sommerville,Math,8,8,Available,0,978-1-312845920,Oxford Press,2011,,,,,,,,,,
182,book,Machine Learning Vol 7,Bjarne Stroustrup,CS,4,4,Available,0,978-1-117107722,MIT Press,2022,,,,,,,,,,
183,book,Digital Logic Vol 4,Bjarne Stroustrup,CS,8,8,Available,0,978-1-504662744,Springer,2007,,,,,,,,,,
184,book,Database Systems Vol 7,Robert Martin,CS,5,5,Available,0,978-1-784184747,McGraw Hill,1999,,,,,,,,,,
185,book,Machine Learning Vol 3,Robert Martin,CS,2,2,Available,0,978-1-311146108,Springer,2014,,,,,,,,,,
186,book,Linear Algebra Vol 4,Andrew Tanenbaum,Engineering,3,3,Available,0,978-1-680202276,MIT Press,1998,,,,,,,,,,
187,book,Data Structures Vol 3,Bjarne Stroustrup,AI,7,7,Available,0,978-1-793403763,Pearson,1999,,,,,,,,,,
188,book,Discrete Mathematics Vol 1,Stuart Russell,CS,8,8,Available,0,978-1-555556690,MIT Press,2008,,,,,,,,,,
189,book,Machine Learning Vol 3,Robert Martin,CS,8,8,Available,0,978-1-300701839,MIT Press,2010,,,,,,,,,,
190,book,Machine Learning Vol 10,Bjarne Stroustrup,Education,3,3,Available,0,978-1-673407207,Pearson,2023,,,,,,,,,,
191,book,Computer Networks Vol 9,Stuart Russell,CS,4,4,Available,0,978-1-742826895,Oxford Press,2020,,,,,,,,,,
192,book,Computer Networks Vol 3,Bjarne Stroustrup,Education,8,8,Available,0,978-1-828248636,Springer,2018,,,,,,,,,,
193,book,Linear Algebra Vol 9,Andrew Tanenbaum,AI,5,5,Available,0,978-1-513120664,MIT Press,2013,,,,,,,,,,
194,book,Discrete Mathematics Vol 6,Robert Martin,AI,2,2,Available,0,978-1-196545737,Pearson,2021,,,,,,,,,,
195,book,Digital Logic Vol 3,Donald Knuth,CS,8,8,Available,0,978-1-139158072,Oxford Press,2002,,,,,,,,,,
196,book,Linear Algebra Vol 9,Thomas Cormen,CS,7,7,Available,0,978-1-242551466,Oxford Press,2001,,,,,,,,,,
197,book,Machine Learning Vol 6,Donald Knuth,Math,7,7,Available,0,978-1-212668749,McGraw Hill,2001,,,,,,,,,,
198,book,Operating Systems Vol 2,Donald Knuth,CS,5,5,Available,0,978-1-155069282,Springer,2023,,,,,,,,,,
199,book,Discrete Mathematics Vol 9,Ian Sommerville,Education,5,5,Available,0,978-1-763125569,Springer,2017,,,,,,,,,,
200,book,Operating Systems Vol 9,Donald Knuth,CS,5,5,Available,0,978-1-526340063,Oxford Press,1997,,,,,,,,,,
201,book,Digital Logic Vol 7,Stuart Russell,Engineering,7,7,Available,0,978-1-664968736,Oxford Press,2012,,,,,,,,,,
202,book,Linear Algebra Vol 2,Thomas Cormen,Education,5,5,Available,0,978-1-990416503,Springer,2004,,,,,,,,,,
203,book,Linear Algebra Vol 7,Bjarne Stroustrup,AI,7,7,Available,0,978-1-765442519,Springer,2005,,,,,,,,,,
204,book,Computer Networks Vol 8,Stuart Russell,Engineering,8,8,Available,0,978-1-298070316,Pearson,2017,,,,,,,,,,
205,book,Database Systems Vol 5,Donald Knuth,CS,2,2,Available,0,978-1-208949046,Cambridge,2016,,,,,,,,,,
206,book,Linear Algebra Vol 10,Stuart Russell,Engineering,6,6,Available,0,978-1-746531668,Pearson,2001,,,,,,,,,,
207,book,Digital Logic Vol 1,Thomas Cormen,Education,3,3,Available,0,978-1-692990900,Springer,2000,,,,,,,,,,
208,book,Computer Networks Vol 4,Robert Martin,Math,7,7,Available,0,978-1-255154927,Cambridge,2006,,,,,,,,,,
209,book,Digital Logic Vol 10,Robert Martin,CS,8,8,Available,0,978-1-568680815,Cambridge,1999,,,,,,,,,,
210,book,Linear Algebra Vol 8,Thomas Cormen,Education,5,5,Available,0,978-1-932819835,Oxford Press,2019,,,,,,,,,,
211,book,Software Engineering Vol 4,Robert Martin,Math,8,8,Available,0,978-1-740221497,Pearson,2006,,,,,,,,,,
212,book,Computer Networks Vol 1,Thomas Cormen,AI,6,6,Available,0,978-1-134083284,Springer,2016,,,,,,,,,,
213,book,Digital Logic Vol 6,Donald Knuth,CS,6,6,Available,0,978-1-510186588,Oxford Press,2023,,,,,,,,,,
214,book,Operating Systems Vol 3,Andrew Tanenbaum,AI,8,8,Available,0,978-1-996924479,Oxford Press,2022,,,,,,,,,,
215,book,Operating Systems Vol 10,Donald Knuth,Education,2,2,Available,0,978-1-775528115,McGraw Hill,2004,,,,,,,,,,
216,book,Computer Networks Vol 5,Thomas Cormen,Education,2,2,Available,0,978-1-595970138,Springer,2006,,,,,,,,,,
217,book,Software Engineering Vol 2,Andrew Tanenbaum,Engineering,2,2,Available,0,978-1-130891705,McGraw Hill,1997,,,,,,,,,,
218,book,Digital Logic Vol 2,Donald Knuth,AI,7,7,Available,0,978-1-622217432,MIT Press,2014,,,,,,,,,,
219,book,Data Structures Vol 10,Stuart Russell,CS,6,6,Available,0,978-1-144354291,Springer,2007,,,,,,,,,,
220,book,Database Systems Vol 10,Stuart Russell,Math,7,7,Available,0,978-1-937660062,McGraw Hill,2011,,,,,,,,,,
221,book,Operating Systems Vol 1,Stuart Russell,Math,2,1,Available,0,978-1-452155640,Springer,2023,,,,,,,,,,
222,book,Operating Systems Vol 4,Thomas Cormen,CS,8,8,Available,0,978-1-194563758,Oxford Press,2015,,,,,,,,,,
223,book,Operating Systems Vol 5,Thomas Cormen,Math,7,7,Available,0,978-1-606043089,Oxford Press,1996,,,,,,,,,,
224,book,Software Engineering Vol 8,Thomas Cormen,Engineering,6,6,Available,0,978-1-245830362,Oxford Press,2005,,,,,,,,,,
225,book,Discrete Mathematics Vol 10,Bjarne Stroustrup,Engineering,2,2,Available,0,978-1-637849243,Pearson,2024,,,,,,,,,,
226,book,Discrete Mathematics Vol 9,Andrew Tanenbaum,CS,4,4,Available,0,978-1-746860181,McGraw Hill,2021,,,,,,,,,,
227,book,Software Engineering Vol 8,Robert Martin,Engineering,6,6,Available,0,978-1-443509530,Cambridge,2005,,,,,,,,,,
228,book,Computer Networks Vol 4,Ian Sommerville,Education,4,4,Available,0,978-1-483870935,Oxford Press,2008,,,,,,,,,,
229,book,Data Structures Vol 5,Robert Martin,Math,3,3,Available,0,978-1-989630208,Pearson,2009,,,,,,,,,,
230,book,Digital Logic Vol 7,Ian Sommerville,AI,6,6,Available,0,978-1-420640946,Oxford Press,2016,,,,,,,,,,
231,book,Digital Logic Vol 10,Andrew Tanenbaum,Math,3,3,Available,0,978-1-188974215,Pearson,2002,,,,,,,,,,
232,book,Computer Networks Vol 10,Andrew Tanenbaum,Math,7,7,Available,0,978-1-118659236,McGraw Hill,2014,,,,,,,,,,
233,book,Computer Networks Vol 3,Robert Martin,Math,6,6,Available,0,978-1-664249272,Cambridge,2018,,,,,,,,,,
234,book,Software Engineering Vol 5,Stuart Russell,Engineering,6,5,Available,0,978-1-798874881,Pearson,2009,,,,,,,,,,
235,book,Discrete Mathematics Vol 2,Ian Sommerville,Engineering,8,8,Available,0,978-1-618655541,McGraw Hill,2016,,,,,,,,,,
236,book,Data Structures Vol 9,Stuart Russell,CS,6,6,Available,0,978-1-810064109,Cambridge,2010,,,,,,,,,,
237,book,Discrete Mathematics Vol 10,Stuart Russell,Engineering,4,4,Available,0,978-1-754776155,Cambridge,2008,,,,,,,,,,
238,book,Artificial Intelligence Vol 6,Stuart Russell,CS,8,8,Available,0,978-1-377595456,Cambridge,2009,,,,,,,,,,
239,book,Machine Learning Vol 3,Stuart Russell,AI,5,5,Available,0,978-1-164494014,Springer,2006,,,,,,,,,,
240,book,Software Engineering Vol 3,Andrew Tanenbaum,AI,4,4,Available,0,978-1-529309799,Springer,2023,,,,,,,,,,
241,book,Digital Logic Vol 4,Robert Martin,AI,4,4,Available,0,978-1-847542591,Pearson,2012,,,,,,,,,,
242,book,Computer Networks Vol 8,Ian Sommerville,Engineering,6,6,Available,0,978-1-860940784,McGraw Hill,2023,,,,,,,,,,
243,book,Digital Logic Vol 1,Robert Martin,Engineering,7,7,Available,0,978-1-781682537,Pearson,2005,,,,,,,,,,
244,book,Linear Algebra Vol 6,Donald Knuth,Math,2,2,Available,0,978-1-986919002,MIT Press,2009,,,,,,,,,,
245,book,Data Structures Vol 9,Andrew Tanenbaum,CS,6,6,Available,0,978-1-911791885,Cambridge,2021,,,,,,,,,,
246,book,Digital Logic Vol 6,Thomas Cormen,AI,4,4,Available,0,978-1-470091032,Cambridge,2022,,,,,,,,,,
247,book,Artificial Intelligence Vol 7,Bjarne Stroustrup,Engineering,7,7,Available,0,978-1-402416000,MIT Press,2015,,,,,,,,,,
248,book,Linear Algebra Vol 2,Donald Knuth,Education,3,3,Available,0,978-1-702039977,Oxford Press,2005,,,,,,,,,,
249,book,Computer Networks Vol 10,Donald Knuth,AI,6,6,Available,0,978-1-195453110,Oxford Press,2016,,,,,,,,,,
250,book,Software Engineering Vol 4,Robert Martin,Engineering,8,8,Available,0,978-1-248688946,Pearson,2016,,,,,,,,,,
251,book,Discrete Mathematics Vol 10,Stuart Russell,Education,6,6,Available,0,978-1-809948258,Cambridge,2023,,,,,,,,,,
252,book,Digital Logic Vol 8,Andrew Tanenbaum,Engineering,6,6,Available,0,978-1-780934813,Oxford Press,2022,,,,,,,,,,
253,book,Operating Systems Vol 9,Stuart Russell,Math,6,6,Available,0,978-1-796988772,Oxford Press,1995,,,,,,,,,,
254,book,Machine Learning Vol 1,Thomas Cormen,Education,6,6,Available,0,978-1-523044752,Springer,2015,,,,,,,,,,
255,book,Digital Logic Vol 9,Andrew Tanenbaum,AI,7,7,Available,0,978-1-507446430,Springer,2016,,,,,,,,,,
256,book,Linear Algebra Vol 1,Andrew Tanenbaum,Education,4,4,Available,0,978-1-605385057,MIT Press,2008,,,,,,,,,,
257,book,Linear Algebra Vol 5,Ian Sommerville,AI,7,7,Available,0,978-1-658420731,Springer,2006,,,,,,,,,,
258,book,Computer Networks Vol 5,Andrew Tanenbaum,AI,2,2,Available,0,978-1-475600398,Springer,2001,,,,,,,,,,
259,book,Computer Networks Vol 8,Robert Martin,Education,2,1,Available,0,978-1-263994347,MIT Press,2021,,,,,,,,,,
260,book,Data Structures Vol 5,Stuart Russell,AI,8,8,Available,0,978-1-485701716,Pearson,2002,,,,,,,,,,
261,book,Software Engineering Vol 8,Ian Sommerville,Math,6,6,Available,0,978-1-107020847,Cambridge,2012,,,,,,,,,,
262,book,Database Systems Vol 6,Ian Sommerville,CS,5,5,Available,0,978-1-922453035,McGraw Hill,2020,,,,,,,,,,
263,book,Database Systems Vol 6,Bjarne Stroustrup,Math,5,5,Available,0,978-1-401478973,Oxford Press,2008,,,,,,,,,,
264,book,Database Systems Vol 9,Stuart Russell,Engineering,7,7,Available,0,978-1-105631145,Oxford Press,2018,,,,,,,,,,
265,book,Digital Logic Vol 2,Andrew Tanenbaum,AI,6,6,Available,0,978-1-263127719,McGraw Hill,2024,,,,,,,,,,
266,book,Software Engineering Vol 1,Ian Sommerville,Math,3,2,Available,0,978-1-894335337,Pearson,2023,,,,,,,,,,
267,book,Artificial Intelligence Vol 3,Robert Martin,CS,5,5,Available,0,978-1-898788278,Cambridge,2004,,,,,,,,,,
268,book,Data Structures Vol 6,Donald Knuth,Math,2,2,Available,0,978-1-825980657,Springer,2004,,,,,,,,,,
269,book,Computer Networks Vol 3,Stuart Russell,Math,3,3,Available,0,978-1-471910946,MIT Press,2018,,,,,,,,,,
270,book,Software Engineering Vol 9,Donald Knuth,Engineering,5,5,Available,0,978-1-979808805,Springer,2023,,,,,,,,,,
271,book,Database Systems Vol 3,Andrew Tanenbaum,AI,4,4,Available,0,978-1-534083599,Cambridge,2012,,,,,,,,,,
272,book,Discrete Mathematics Vol 7,Stuart Russell,Math,7,7,Available,0,978-1-739021722,Cambridge,2005,,,,,,,,,,
273,book,Software Engineering Vol 4,Donald Knuth,CS,7,7,Available,0,978-1-845062865,Pearson,2013,,,,,,,,,,
274,book,Discrete Mathematics Vol 5,Thomas Cormen,Education,8,6,Available,0,978-1-295229493,Cambridge,1995,,,,,,,,,,
275,book,Discrete Mathematics Vol 8,Bjarne Stroustrup,Math,2,2,Available,0,978-1-306171934,Pearson,2011,,,,,,,,,,
276,book,Linear Algebra Vol 1,Bjarne Stroustrup,Math,2,2,Available,0,978-1-478835908,Oxford Press,2017,,,,,,,,,,
277,book,Operating Systems Vol 8,Thomas Cormen,Engineering,7,6,Available,0,978-1-397028562,MIT Press,1995,,,,,,,,,,
278,book,Linear Algebra Vol 9,Stuart Russell,Math,6,6,Available,0,978-1-253215001,Pearson,2018,,,,,,,,,,
279,book,Digital Logic Vol 10,Ian Sommerville,Education,6,6,Available,0,978-1-935481185,McGraw Hill,2018,,,,,,,,,,
280,book,Machine Learning Vol 6,Donald Knuth,AI,5,5,Available,0,978-1-109058183,MIT Press,2012,,,,,,,,,,
281,book,Digital Logic Vol 6,Bjarne Stroustrup,AI,4,4,Available,0,978-1-126371154,Springer,2000,,,,,,,,,,
282,book,Artificial Intelligence Vol 8,Ian Sommerville,Engineering,4,4,Available,0,978-1-441374845,McGraw Hill,1999,,,,,,,,,,
283,book,Computer Networks Vol 4,Bjarne Stroustrup,AI,2,2,Available,0,978-1-603574789,Cambridge,2021,,,,,,,,,,
284,book,Computer Networks Vol 3,Stuart Russell,Math,6,6,Available,0,978-1-129490574,Pearson,2017,,,,,,,,,,
285,book,Database Systems Vol 9,Donald Knuth,Math,6,6,Available,0,978-1-663651910,McGraw Hill,2006,,,,,,,,,,
286,book,Digital Logic Vol 9,Robert Martin,AI,6,6,Available,0,978-1-493952567,Cambridge,2024,,,,,,,,,,
287,book,Discrete Mathematics Vol 2,Bjarne Stroustrup,Math,8,8,Available,0,978-1-587946213,McGraw Hill,2023,,,,,,,,,,
288,book,Artificial Intelligence Vol 8,Robert Martin,Math,8,8,Available,0,978-1-505330706,Pearson,2002,,,,,,,,,,
289,book,Operating Systems Vol 1,Stuart Russell,Education,4,4,Available,0,978-1-111937442,Pearson,2005,,,,,,,,,,
290,book,Machine Learning Vol 4,Bjarne Stroustrup,AI,3,3,Available,0,978-1-106934506,McGraw Hill,2006,,,,,,,,,,
291,book,Machine Learning Vol 4,Robert Martin,Engineering,3,3,Available,0,978-1-648372235,MIT Press,2014,,,,,,,,,,
292,book,Machine Learning Vol 10,Ian Sommerville,CS,8,8,Available,0,978-1-113171638,Springer,1999,,,,,,,,,,
293,book,Operating Systems Vol 8,Robert Martin,Education,5,5,Available,0,978-1-600245296,Oxford Press,2010,,,,,,,,,,
294,book,Linear Algebra Vol 9,Robert Martin,Math,2,2,Available,0,978-1-183086123,Cambridge,2005,,,,,,,,,,
295,book,Discrete Mathematics Vol 10,Ian Sommerville,AI,2,2,Available,0,978-1-281009500,Oxford Press,1998,,,,,,,,,,
296,book,Discrete Mathematics Vol 1,Bjarne Stroustrup,CS,3,3,Available,0,978-1-431964448,Springer,2009,,,,,,,,,,
297,book,Operating Systems Vol 1,Stuart Russell,Math,4,4,Available,0,978-1-180869728,Oxford Press,1996,,,,,,,,,,
298,book,Data Structures Vol 4,Stuart Russell,AI,4,4,Available,0,978-1-388263138,Springer,2003,,,,,,,,,,
299,book,Database Systems Vol 10,Bjarne Stroustrup,AI,2,2,Available,0,978-1-642086130,MIT Press,2007,,,,,,,,,,
300,book,Digital Logic Vol 3,Stuart Russell,Engineering,3,3,Available,0,978-1-250670085,Cambridge,2018,,,,,,,,,,
301,book,Operating Systems Vol 7,Ian Sommerville,Engineering,7,7,Available,0,978-1-291273669,Oxford Press,2015,,,,,,,,,,
302,book,Computer Networks Vol 9,Bjarne Stroustrup,Engineering,2,2,Available,0,978-1-981518464,Springer,2002,,,,,,,,,,
303,book,Machine Learning Vol 2,Andrew Tanenbaum,Math,4,4,Available,0,978-1-342117325,MIT Press,2011,,,,,,,,,,
304,book,Computer Networks Vol 3,Robert Martin,AI,7,7,Available,0,978-1-589757568,Oxford Press,1996,,,,,,,,,,
305,book,Software Engineering Vol 6,Ian Sommerville,CS,2,2,Available,0,978-1-445589023,MIT Press,2015,,,,,,,,,,
306,book,Artificial Intelligence Vol 8,Ian Sommerville,Engineering,3,3,Available,0,978-1-951126933,MIT Press,2005,,,,,,,,,,
307,book,Data Structures Vol 10,Andrew Tanenbaum,Math,7,7,Available,0,978-1-956190159,Cambridge,2001,,,,,,,,,,
308,book,Operating Systems Vol 4,Bjarne Stroustrup,CS,7,7,Available,0,978-1-547890783,Springer,2016,,,,,,,,,,
309,book,Software Engineering Vol 10,Thomas Cormen,Math,5,5,Available,0,978-1-550157360,Springer,2020,,,,,,,,,,
310,book,Machine Learning Vol 1,Donald Knuth,AI,7,7,Available,0,978-1-461581631,Springer,2006,,,,,,,,,,
311,book,Data Structures Vol 10,Robert Martin,AI,2,2,Available,0,978-1-888818486,Oxford Press,2006,,,,,,,,,,
312,book,Linear Algebra Vol 7,Robert Martin,Math,3,3,Available,0,978-1-652583043,MIT Press,2022,,,,,,,,,,
313,book,Linear Algebra Vol 7,Thomas Cormen,Engineering,7,7,Available,0,978-1-906836665,Cambridge,2003,,,,,,,,,,
314,book,Database Systems Vol 4,Thomas Cormen,Engineering,3,3,Available,0,978-1-344806279,Cambridge,2014,,,,,,,,,,
315,book,Database Systems Vol 7,Andrew Tanenbaum,Engineering,8,8,Available,0,978-1-997439701,MIT Press,2019,,,,,,,,,,
316,book,Operating Systems Vol 7,Bjarne Stroustrup,AI,3,3,Available,0,978-1-842546922,Cambridge,1998,,,,,,,,,,
317,book,Digital Logic Vol 2,Thomas Cormen,Engineering,3,3,Available,0,978-1-461601078,Oxford Press,2002,,,,,,,,,,
318,book,Computer Networks Vol 2,Bjarne Stroustrup,Education,8,8,Available,0,978-1-281240571,Springer,2003,,,,,,,,,,
319,book,Digital Logic Vol 6,Andrew Tanenbaum,AI,8,8,Available,0,978-1-898112580,Cambridge,2002,,,,,,,,,,
320,book,Discrete Mathematics Vol 7,Ian Sommerville,Education,3,3,Available,0,978-1-114867317,McGraw Hill,2012,,,,,,,,,,
321,book,Discrete Mathematics Vol 9,Robert Martin,CS,2,2,Available,0,978-1-368325206,Oxford Press,2021,,,,,,,,,,
322,book,Database Systems Vol 10,Donald Knuth,CS,8,8,Available,0,978-1-835415773,Pearson,2015,,,,,,,,,,
323,book,Machine Learning Vol 10,Bjarne Stroustrup,Math,2,2,Available,0,978-1-486330918,Pearson,2020,,,,,,,,,,
324,book,Software Engineering Vol 9,Stuart Russell,Engineering,2,2,Available,0,978-1-634700779,Cambridge,2016,,,,,,,,,,
325,book,Machine Learning Vol 9,Ian Sommerville,Engineering,8,8,Available,0,978-1-619938837,Pearson,2001,,,,,,,,,,
326,book,Operating Systems Vol 7,Andrew Tanenbaum,Math,8,8,Available,0,978-1-830124733,Oxford Press,2005,,,,,,,,,,
327,book,Linear Algebra Vol 6,Stuart Russell,CS,4,4,Available,0,978-1-188441888,Oxford Press,1996,,,,,,,,,,
328,book,Data Structures Vol 4,Stuart Russell,Engineering,4,4,Available,0,978-1-514453311,Oxford Press,2008,,,,,,,,,,
329,book,Software Engineering Vol 6,Ian Sommerville,Engineering,8,8,Available,0,978-1-626359369,Springer,2019,,,,,,,,,,
330,book,Operating Systems Vol 7,Andrew Tanenbaum,Engineering,5,5,Available,0,978-1-814657804,Cambridge,1999,,,,,,,,,,
331,book,Artificial Intelligence Vol 9,Bjarne Stroustrup,Engineering,8,8,Available,0,978-1-912020360,MIT Press,2004,,,,,,,,,,
332,book,Digital Logic Vol 7,Thomas Cormen,Math,4,4,Available,0,978-1-623960781,Pearson,2017,,,,,,,,,,
333,book,Discrete Mathematics Vol 1,Donald Knuth,CS,4,4,Available,0,978-1-707542130,Cambridge,2000,,,,,,,,,,
334,book,Artificial Intelligence Vol 10,Robert Martin,Math,8,8,Available,0,978-1-853035681,McGraw Hill,2020,,,,,,,,,,
335,book,Software Engineering Vol 1,Andrew Tanenbaum,AI,3,3,Available,0,978-1-506465810,MIT Press,2000,,,,,,,,,,
336,book,Database Systems Vol 10,Bjarne Stroustrup,Education,3,3,Available,0,978-1-714572235,Pearson,2003,,,,,,,,,,
337,book,Computer Networks Vol 2,Donald Knuth,CS,2,2,Available,0,978-1-695676665,Pearson,2014,,,,,,,,,,
338,book,Digital Logic Vol 10,Ian Sommerville,Education,8,8,Available,0,978-1-186235171,Oxford Press,2004,,,,,,,,,,
339,book,Linear Algebra Vol 5,Stuart Russell,AI,4,4,Available,0,978-1-942718629,Pearson,1995,,,,,,,,,,
340,book,Software Engineering Vol 2,Robert Martin,Math,8,8,Available,0,978-1-105136176,MIT Press,2010,,,,,,,,,,
341,book,Machine Learning Vol 5,Stuart Russell,CS,3,3,Available,0,978-1-627801423,Springer,2023,,,,,,,,,,
342,book,Linear Algebra Vol 6,Donald Knuth,Education,6,6,Available,0,978-1-358100273,Pearson,2012,,,,,,,,,,
343,book,Database Systems Vol 6,Robert Martin,CS,6,6,Available,0,978-1-671529492,Springer,2017,,,,,,,,,,
344,book,Software Engineering Vol 2,Bjarne Stroustrup,Education,4,4,Available,0,978-1-671700472,Oxford Press,2011,,,,,,,,,,
345,book,Digital Logic Vol 10,Bjarne Stroustrup,Math,6,6,Available,0,978-1-496400230,MIT Press,2019,,,,,,,,,,
346,book,Database Systems Vol 7,Bjarne Stroustrup,Engineering,2,2,Available,0,978-1-915553202,Springer,2003,,,,,,,,,,
347,book,Linear Algebra Vol 4,Donald Knuth,Education,6,6,Available,0,978-1-616302183,Springer,2003,,,,,,,,,,
348,book,Computer Networks Vol 2,Ian Sommerville,Education,4,4,Available,0,978-1-267820954,Pearson,2022,,,,,,,,,,
349,book,Linear Algebra Vol 1,Stuart Russell,Education,6,6,Available,0,978-1-190300620,Pearson,2004,,,,,,,,,,
350,book,Computer Networks Vol 6,Bjarne Stroustrup,Engineering,6,6,Available,0,978-1-427625066,Oxford Press,2024,,,,,,,,,,
351,book,Computer Networks Vol 7,Robert Martin,CS,3,3,Available,0,978-1-246587337,MIT Press,2006,,,,,,,,,,
352,book,Artificial Intelligence Vol 2,Donald Knuth,Education,3,3,Available,0,978-1-114505113,MIT Press,2001,,,,,,,,,,
353,book,Database Systems Vol 4,Andrew Tanenbaum,Math,7,7,Available,0,978-1-454578597,Pearson,2015,,,,,,,,,,
354,book,Machine Learning Vol 1,Donald Knuth,CS,4,4,Available,0,978-1-589671029,Pearson,2022,,,,,,,,,,
355,book,Artificial Intelligence Vol 8,Ian Sommerville,Engineering,5,5,Available,0,978-1-425716128,Oxford Press,2009,,,,,,,,,,
356,book,Computer Networks Vol 6,Bjarne Stroustrup,Engineering,6,6,Available,0,978-1-697488202,MIT Press,2012,,,,,,,,,,
357,book,Data Structures Vol 9,Bjarne Stroustrup,AI,6,6,Available,0,978-1-231237844,Cambridge,2001,,,,,,,,,,
358,book,Discrete Mathematics Vol 8,Ian Sommerville,AI,4,4,Available,0,978-1-369499845,Springer,2012,,,,,,,,,,
359,book,Linear Algebra Vol 7,Ian Sommerville,Engineering,3,3,Available,0,978-1-560235708,Cambridge,2014,,,,,,,,,,
360,book,Data Structures Vol 9,Thomas Cormen,Engineering,8,8,Available,0,978-1-686375065,Oxford Press,2012,,,,,,,,,,
361,book,Machine Learning Vol 3,Donald Knuth,Education,3,3,Available,0,978-1-583148928,Springer,2017,,,,,,,,,,
362,book,Operating Systems Vol 5,Donald Knuth,Math,8,8,Available,0,978-1-671171665,MIT Press,2015,,,,,,,,,,
363,book,Computer Networks Vol 8,Stuart Russell,AI,3,3,Available,0,978-1-273748261,Pearson,2001,,,,,,,,,,
364,book,Database Systems Vol 8,Thomas Cormen,Education,6,6,Available,0,978-1-745134971,Cambridge,2021,,,,,,,,,,
365,book,Operating Systems Vol 4,Donald Knuth,Education,7,7,Available,0,978-1-883365950,Cambridge,2012,,,,,,,,,,
366,book,Digital Logic Vol 5,Donald Knuth,CS,3,3,Available,0,978-1-145477128,McGraw Hill,2018,,,,,,,,,,
367,book,Data Structures Vol 6,Bjarne Stroustrup,Engineering,3,3,Available,0,978-1-406290772,Oxford Press,2012,,,,,,,,,,
368,book,Machine Learning Vol 5,Donald Knuth,AI,2,2,Available,0,978-1-226109922,Pearson,1999,,,,,,,,,,
369,book,Linear Algebra Vol 4,Ian Sommerville,CS,4,4,Available,0,978-1-714677915,Oxford Press,2019,,,,,,,,,,
370,book,Computer Networks Vol 8,Robert Martin,Math,5,5,Available,0,978-1-727623445,Oxford Press,2024,,,,,,,,,,
371,book,Software Engineering Vol 8,Stuart Russell,CS,5,5,Available,0,978-1-302315809,Springer,2012,,,,,,,,,,
372,book,Software Engineering Vol 10,Thomas Cormen,CS,8,8,Available,0,978-1-702756102,McGraw Hill,1996,,,,,,,,,,
373,book,Linear Algebra Vol 7,Stuart Russell,Education,2,2,Available,0,978-1-425279794,Oxford Press,2019,,,,,,,,,,
374,book,Artificial Intelligence Vol 4,Robert Martin,AI,4,4,Available,0,978-1-188263495,Oxford Press,2004,,,,,,,,,,
375,book,Computer Networks Vol 8,Bjarne Stroustrup,Education,6,6,Available,0,978-1-644867644,McGraw Hill,2008,,,,,,,,,,
376,book,Linear Algebra Vol 5,Donald Knuth,AI,3,3,Available,0,978-1-555526955,Springer,2015,,,,,,,,,,
377,book,Software Engineering Vol 6,Thomas Cormen,Engineering,2,2,Available,0,978-1-220759947,MIT Press,2013,,,,,,,,,,
378,book,Machine Learning Vol 5,Ian Sommerville,AI,3,3,Available,0,978-1-560547206,Cambridge,1999,,,,,,,,,,
379,book,Operating Systems Vol 5,Bjarne Stroustrup,AI,8,8,Available,0,978-1-933388776,Cambridge,2007,,,,,,,,,,
380,book,Data Structures Vol 2,Bjarne Stroustrup,CS,5,5,Available,0,978-1-975831794,Springer,2008,,,,,,,,,,
381,book,Discrete Mathematics Vol 4,Ian Sommerville,Engineering,7,7,Available,0,978-1-913076213,Cambridge,2008,,,,,,,,,,
382,book,Discrete Mathematics Vol 2,Stuart Russell,CS,4,4,Available,0,978-1-683381424,Springer,2016,,,,,,,,,,
383,book,Discrete Mathematics Vol 3,Thomas Cormen,Math,4,4,Available,0,978-1-729874837,Cambridge,2020,,,,,,,,,,
384,book,Artificial Intelligence Vol 1,Bjarne Stroustrup,Engineering,7,7,Available,0,978-1-352691675,Oxford Press,2016,,,,,,,,,,
385,book,Machine Learning Vol 1,Robert Martin,CS,2,2,Available,0,978-1-559399678,MIT Press,2005,,,,,,,,,,
386,book,Computer Networks Vol 7,Thomas Cormen,CS,4,4,Available,0,978-1-619732625,MIT Press,2011,,,,,,,,,,
387,book,Digital Logic Vol 5,Robert Martin,Engineering,6,6,Available,0,978-1-557798195,Oxford Press,2023,,,,,,,,,,
388,book,Database Systems Vol 4,Thomas Cormen,CS,3,3,Available,0,978-1-186934983,Oxford Press,2021,,,,,,,,,,
389,book,Computer Networks Vol 7,Robert Martin,Education,5,5,Available,0,978-1-134174357,MIT Press,1999,,,,,,,,,,
390,book,Computer Networks Vol 5,Thomas Cormen,AI,2,2,Available,0,978-1-384708146,Oxford Press,2005,,,,,,,,,,
391,book,Digital Logic Vol 7,Donald Knuth,Engineering,8,8,Available,0,978-1-697063097,MIT Press,2019,,,,,,,,,,
392,book,Computer Networks Vol 8,Bjarne Stroustrup,CS,8,8,Available,0,978-1-241920593,Springer,2006,,,,,,,,,,
393,book,Discrete Mathematics Vol 10,Thomas Cormen,Education,6,6,Available,0,978-1-986560989,Springer,1998,,,,,,,,,,
394,book,Linear Algebra Vol 4,Ian Sommerville,Engineering,5,5,Available,0,978-1-903497145,McGraw Hill,1997,,,,,,,,,,
395,book,Data Structures Vol 1,Donald Knuth,AI,3,3,Available,0,978-1-311473681,McGraw Hill,1996,,,,,,,,,,
396,book,Operating Systems Vol 6,Ian Sommerville,CS,3,3,Available,0,978-1-109477949,McGraw Hill,2023,,,,,,,,,,
397,book,Database Systems Vol 5,Thomas Cormen,CS,8,8,Available,0,978-1-972656188,Pearson,2020,,,,,,,,,,
398,book,Data Structures Vol 9,Andrew Tanenbaum,CS,3,3,Available,0,978-1-955180530,MIT Press,2003,,,,,,,,,,
399,book,Machine Learning Vol 7,Ian Sommerville,Math,8,8,Available,0,978-1-281567773,Pearson,1995,,,,,,,,,,
400,book,Discrete Mathematics Vol 6,Bjarne Stroustrup,AI,4,4,Available,0,978-1-496012843,McGraw Hill,2023,,,,,,,,,,
401,book,Artificial Intelligence Vol 4,Thomas Cormen,Engineering,8,8,Available,0,978-1-402560189,McGraw Hill,2008,,,,,,,,,,
402,book,Discrete Mathematics Vol 9,Donald Knuth,Education,3,3,Available,0,978-1-545896122,McGraw Hill,2014,,,,,,,,,,
403,book,Software Engineering Vol 8,Stuart Russell,Education,2,2,Available,0,978-1-613218608,Oxford Press,2010,,,,,,,,,,
404,book,Software Engineering Vol 10,Ian Sommerville,CS,8,8,Available,0,978-1-967689958,Oxford Press,2022,,,,,,,,,,
405,book,Operating Systems Vol 5,Donald Knuth,Education,6,6,Available,0,978-1-119548973,Pearson,2012,,,,,,,,,,
406,book,Data Structures Vol 6,Stuart Russell,Engineering,8,8,Available,0,978-1-552993985,Springer,2006,,,,,,,,,,
407,book,Discrete Mathematics Vol 10,Bjarne Stroustrup,AI,4,4,Available,0,978-1-755494522,MIT Press,2007,,,,,,,,,,
408,book,Software Engineering Vol 2,Stuart Russell,AI,7,7,Available,0,978-1-514806300,McGraw Hill,2012,,,,,,,,,,
409,book,Computer Networks Vol 5,Andrew Tanenbaum,CS,5,5,Available,0,978-1-399264853,Pearson,1996,,,,,,,,,,
410,book,Computer Networks Vol 6,Donald Knuth,Engineering,4,4,Available,0,978-1-687499803,MIT Press,2020,,,,,,,,,,
411,book,Artificial Intelligence Vol 4,Robert Martin,Engineering,3,3,Available,0,978-1-202344600,MIT Press,2003,,,,,,,,,,
412,book,Discrete Mathematics Vol 9,Robert Martin,Math,6,6,Available,0,978-1-659299536,Oxford Press,2014,,,,,,,,,,
413,book,Software Engineering Vol 7,Stuart Russell,Education,3,3,Available,0,978-1-374540202,McGraw Hill,2004,,,,,,,,,,
414,book,Software Engineering Vol 7,Stuart Russell,Education,2,2,Available,0,978-1-162221080,MIT Press,1995,,,,,,,,,,
415,book,Digital Logic Vol 3,Andrew Tanenbaum,Education,7,7,Available,0,978-1-435269782,Oxford Press,2016,,,,,,,,,,
416,book,Discrete Mathematics Vol 8,Andrew Tanenbaum,CS,3,3,Available,0,978-1-842675185,Oxford Press,2013,,,,,,,,,,
417,book,Operating Systems Vol 9,Bjarne Stroustrup,Education,5,5,Available,0,978-1-267540342,MIT Press,1995,,,,,,,,,,
418,book,Data Structures Vol 2,Robert Martin,Engineering,4,4,Available,0,978-1-436956391,Pearson,2000,,,,,,,,,,
419,book,Linear Algebra Vol 4,Bjarne Stroustrup,Education,6,6,Available,0,978-1-444168887,Oxford Press,1996,,,,,,,,,,
420,book,Software Engineering Vol 3,Robert Martin,Education,7,7,Available,0,978-1-640394463,McGraw Hill,2022,,,,,,,,,,
421,book,Digital Logic Vol 5,Robert Martin,Math,6,6,Available,0,978-1-574447020,Oxford Press,2000,,,,,,,,,,
422,book,Database Systems Vol 10,Bjarne Stroustrup,Math,3,3,Available,0,978-1-451200378,Oxford Press,2015,,,,,,,,,,
423,book,Database Systems Vol 3,Robert Martin,Math,6,6,Available,0,978-1-221704646,Oxford Press,2008,,,,,,,,,,
424,book,Artificial Intelligence Vol 5,Thomas Cormen,Engineering,3,3,Available,0,978-1-681134922,Oxford Press,2012,,,,,,,,,,
425,book,Operating Systems Vol 4,Donald Knuth,Education,7,7,Available,0,978-1-136956633,Cambridge,2024,,,,,,,,,,
426,book,Linear Algebra Vol 10,Andrew Tanenbaum,Education,4,4,Available,0,978-1-284751949,Springer,2005,,,,,,,,,,
427,book,Database Systems Vol 9,Stuart Russell,Math,2,2,Available,0,978-1-893874812,Springer,1995,,,,,,,,,,
428,book,Machine Learning Vol 2,Robert Martin,Math,7,7,Available,0,978-1-170844195,MIT Press,2016,,,,,,,,,,
429,book,Operating Systems Vol 2,Donald Knuth,Engineering,5,5,Available,0,978-1-771839280,Oxford Press,2019,,,,,,,,,,
430,book,Artificial Intelligence Vol 6,Stuart Russell,Engineering,3,3,Available,0,978-1-519342415,MIT Press,1999,,,,,,,,,,
431,book,Machine Learning Vol 5,Robert Martin,Engineering,3,3,Available,0,978-1-169446825,MIT Press,2001,,,,,,,,,,
432,book,Data Structures Vol 10,Stuart Russell,Engineering,2,2,Available,0,978-1-635108031,MIT Press,2004,,,,,,,,,,
433,book,Machine Learning Vol 4,Robert Martin,Education,8,8,Available,0,978-1-890512950,McGraw Hill,2011,,,,,,,,,,
434,book,Data Structures Vol 6,Bjarne Stroustrup,AI,4,4,Available,0,978-1-472284677,McGraw Hill,2006,,,,,,,,,,
435,book,Software Engineering Vol 10,Andrew Tanenbaum,Math,4,3,Available,0,978-1-511800652,McGraw Hill,2009,,,,,,,,,,
436,book,Discrete Mathematics Vol 1,Andrew Tanenbaum,Engineering,7,7,Available,0,978-1-279102092,McGraw Hill,2016,,,,,,,,,,
437,book,Database Systems Vol 7,Andrew Tanenbaum,Math,5,5,Available,0,978-1-743379222,Springer,2023,,,,,,,,,,
438,book,Machine Learning Vol 5,Ian Sommerville,CS,5,5,Available,0,978-1-420787520,Cambridge,2020,,,,,,,,,,
439,book,Digital Logic Vol 5,Bjarne Stroustrup,Math,5,5,Available,0,978-1-743494537,McGraw Hill,2003,,,,,,,,,,
440,book,Data Structures Vol 3,Donald Knuth,Engineering,8,8,Available,0,978-1-337305866,Oxford Press,2005,,,,,,,,,,
441,book,Software Engineering Vol 9,Thomas Cormen,CS,8,8,Available,0,978-1-150632801,McGraw Hill,1998,,,,,,,,,,
442,book,Discrete Mathematics Vol 5,Stuart Russell,CS,4,4,Available,0,978-1-878151536,Pearson,1996,,,,,,,,,,
443,book,Database Systems Vol 2,Andrew Tanenbaum,Engineering,7,7,Available,0,978-1-604697468,Oxford Press,2022,,,,,,,,,,
444,book,Database Systems Vol 10,Andrew Tanenbaum,AI,4,4,Available,0,978-1-986175125,Oxford Press,2016,,,,,,,,,,
445,book,Operating Systems Vol 6,Ian Sommerville,AI,6,6,Available,0,978-1-154347651,McGraw Hill,2020,,,,,,,,,,
446,book,Computer Networks Vol 6,Stuart Russell,Education,2,2,Available,0,978-1-502999906,Cambridge,2002,,,,,,,,,,
447,book,Computer Networks Vol 9,Robert Martin,AI,7,7,Available,0,978-1-740115342,Springer,2004,,,,,,,,,,
448,book,Computer Networks Vol 3,Donald Knuth,Education,5,5,Available,0,978-1-362234305,Pearson,2013,,,,,,,,,,
449,book,Software Engineering Vol 9,Andrew Tanenbaum,Math,3,3,Available,0,978-1-953100710,Springer,2000,,,,,,,,,,
450,book,Machine Learning Vol 5,Thomas Cormen,CS,8,8,Available,0,978-1-327241562,Springer,2017,,,,,,,,,,
451,book,Software Engineering Vol 7,Andrew Tanenbaum,Engineering,5,5,Available,0,978-1-456544359,Pearson,2000,,,,,,,,,,
452,book,Discrete Mathematics Vol 3,Robert Martin,Engineering,4,4,Available,0,978-1-935293585,Cambridge,1996,,,,,,,,,,
453,book,Data Structures Vol 6,Stuart Russell,Engineering,6,6,Available,0,978-1-515495475,Cambridge,1996,,,,,,,,,,
454,book,Computer Networks Vol 7,Thomas Cormen,AI,4,4,Available,0,978-1-328315239,Pearson,2001,,,,,,,,,,
455,book,Data Structures Vol 7,Donald Knuth,CS,2,2,Available,0,978-1-838676028,Oxford Press,2014,,,,,,,,,,
456,book,Linear Algebra Vol 9,Thomas Cormen,CS,2,2,Available,0,978-1-856613765,MIT Press,2006,,,,,,,,,,
457,book,Computer Networks Vol 8,Thomas Cormen,Math,4,4,Available,0,978-1-106682952,Cambridge,2003,,,,,,,,,,
458,book,Operating Systems Vol 8,Thomas Cormen,Engineering,6,6,Available,0,978-1-176254702,Springer,2000,,,,,,,,,,
459,book,Digital Logic Vol 4,Thomas Cormen,Math,8,8,Available,0,978-1-531228279,Springer,2012,,,,,,,,,,
460,book,Artificial Intelligence Vol 1,Bjarne Stroustrup,CS,4,4,Available,0,978-1-713290019,MIT Press,2004,,,,,,,,,,
461,book,Machine Learning Vol 4,Bjarne Stroustrup,Math,5,5,Available,0,978-1-229630033,Cambridge,2007,,,,,,,,,,
462,book,Software Engineering Vol 8,Stuart Russell,Math,8,8,Available,0,978-1-384867542,Cambridge,1998,,,,,,,,,,
463,book,Machine Learning Vol 2,Robert Martin,CS,6,6,Available,0,978-1-543112095,Springer,2014,,,,,,,,,,
464,book,Artificial Intelligence Vol 3,Ian Sommerville,CS,4,4,Available,0,978-1-959674078,Cambridge,2012,,,,,,,,,,
465,book,Software Engineering Vol 10,Thomas Cormen,CS,3,3,Available,0,978-1-167011162,McGraw Hill,2001,,,,,,,,,,
466,book,Discrete Mathematics Vol 5,Donald Knuth,Engineering,2,2,Available,0,978-1-598796927,Pearson,2015,,,,,,,,,,
467,book,Computer Networks Vol 10,Ian Sommerville,Education,8,8,Available,0,978-1-732542099,Pearson,2012,,,,,,,,,,
468,book,Digital Logic Vol 2,Bjarne Stroustrup,Engineering,2,2,Available,0,978-1-395164502,McGraw Hill,2003,,,,,,,,,,
469,book,Artificial Intelligence Vol 4,Andrew Tanenbaum,CS,5,5,Available,0,978-1-242708741,McGraw Hill,2005,,,,,,,,,,
470,book,Linear Algebra Vol 9,Andrew Tanenbaum,Engineering,5,5,Available,0,978-1-134814719,MIT Press,2024,,,,,,,,,,
471,book,Computer Networks Vol 4,Thomas Cormen,AI,6,6,Available,0,978-1-199947545,Oxford Press,2003,,,,,,,,,,
472,book,Data Structures Vol 3,Robert Martin,Engineering,8,8,Available,0,978-1-297406267,Pearson,1996,,,,,,,,,,
473,book,Computer Networks Vol 6,Bjarne Stroustrup,CS,2,2,Available,0,978-1-457394761,Oxford Press,2018,,,,,,,,,,
474,book,Linear Algebra Vol 4,Robert Martin,AI,7,7,Available,0,978-1-156760839,MIT Press,2019,,,,,,,,,,
475,book,Discrete Mathematics Vol 1,Donald Knuth,Math,3,3,Available,0,978-1-605668459,Oxford Press,1997,,,,,,,,,,
476,book,Digital Logic Vol 5,Andrew Tanenbaum,AI,4,4,Available,0,978-1-594422827,Oxford Press,1999,,,,,,,,,,
477,book,Digital Logic Vol 3,Robert Martin,AI,6,6,Available,0,978-1-156683581,MIT Press,2000,,,,,,,,,,
478,book,Artificial Intelligence Vol 5,Thomas Cormen,Math,5,5,Available,0,978-1-795198876,MIT Press,2004,,,,,,,,,,
479,book,Discrete Mathematics Vol 9,Andrew Tanenbaum,Math,5,5,Available,0,978-1-523667462,MIT Press,2004,,,,,,,,,,
480,book,Machine Learning Vol 9,Thomas Cormen,Engineering,3,3,Available,0,978-1-419743286,Pearson,2003,,,,,,,,,,
481,book,Discrete Mathematics Vol 2,Bjarne Stroustrup,Engineering,8,8,Available,0,978-1-255196284,MIT Press,2018,,,,,,,,,,
482,book,Discrete Mathematics Vol 8,Bjarne Stroustrup,Education,5,5,Available,0,978-1-856066069,Cambridge,1996,,,,,,,,,,
483,book,Digital Logic Vol 3,Thomas Cormen,Engineering,8,8,Available,0,978-1-650753716,MIT Press,2017,,,,,,,,,,
484,book,Artificial Intelligence Vol 4,Bjarne Stroustrup,AI,6,6,Available,0,978-1-618952411,Pearson,2003,,,,,,,,,,
485,book,Database Systems Vol 9,Robert Martin,Education,3,3,Available,0,978-1-173843938,Oxford Press,2001,,,,,,,,,,
486,book,Artificial Intelligence Vol 4,Donald Knuth,Math,5,5,Available,0,978-1-586733096,Cambridge,2018,,,,,,,,,,
487,book,Database Systems Vol 10,Stuart Russell,Math,4,4,Available,0,978-1-602656313,Oxford Press,2021,,,,,,,,,,
488,book,Digital Logic Vol 9,Robert Martin,Education,8,8,Available,0,978-1-138804985,Oxford Press,2022,,,,,,,,,,
489,book,Artificial Intelligence Vol 3,Donald Knuth,Education,2,2,Available,0,978-1-241884891,Oxford Press,2001,,,,,,,,,,
490,book,Software Engineering Vol 1,Andrew Tanenbaum,Math,8,7,Available,0,978-1-101184973,Oxford Press,2014,,,,,,,,,,
491,book,Computer Networks Vol 4,Stuart Russell,AI,2,2,Available,0,978-1-605247736,Pearson,2015,,,,,,,,,,
492,book,Artificial Intelligence Vol 9,Stuart Russell,Education,7,7,Available,0,978-1-408211024,MIT Press,2016,,,,,,,,,,
493,book,Linear Algebra Vol 7,Donald Knuth,AI,5,5,Available,0,978-1-358693655,Springer,2016,,,,,,,,,,
494,book,Database Systems Vol 6,Andrew Tanenbaum,Engineering,8,8,Available,0,978-1-688595165,Cambridge,2005,,,,,,,,,,
495,book,Machine Learning Vol 9,Donald Knuth,CS,8,8,Available,0,978-1-279807243,Cambridge,2002,,,,,,,,,,
496,book,Linear Algebra Vol 10,Donald Knuth,Engineering,4,4,Available,0,978-1-868622627,MIT Press,2012,,,,,,,,,,
497,book,Database Systems Vol 5,Donald Knuth,CS,8,8,Available,0,978-1-674633122,Springer,2003,,,,,,,,,,
498,book,Database Systems Vol 7,Ian Sommerville,CS,5,5,Available,0,978-1-766798944,Oxford Press,2018,,,,,,,,,,
499,book,Digital Logic Vol 8,Donald Knuth,AI,3,3,Available,0,978-1-892469435,Pearson,2022,,,,,,,,,,
500,book,Machine Learning Vol 5,Stuart Russell,AI,4,4,Available,0,978-1-136304071,McGraw Hill,1998,,,,,,,,,,
501,dvd,The Dark Knight,James Cameron,Movie,3,3,Available,0,,,,James Cameron,173,Adventure,,,,,,,
502,dvd,Avatar,Ridley Scott,Movie,5,5,Available,0,,,,Ridley Scott,105,Action,,,,,,,
503,dvd,Interstellar,James Cameron,Movie,5,5,Available,0,,,,James Cameron,155,Action,,,,,,,
504,dvd,The Dark Knight,Steven Spielberg,Movie,1,1,Available,0,,,,Steven Spielberg,152,Drama,,,,,,,
505,dvd,Gladiator,Steven Spielberg,Movie,5,5,Available,0,,,,Steven Spielberg,149,Drama,,,,,,,
506,dvd,Interstellar,Ridley Scott,Movie,4,4,Available,0,,,,Ridley Scott,149,Action,,,,,,,
507,dvd,The Dark Knight,James Cameron,Movie,2,2,Available,0,,,,James Cameron,131,Sci-Fi,,,,,,,
508,dvd,The Matrix,Steven Spielberg,Movie,2,2,Available,0,,,,Steven Spielberg,93,Sci-Fi,,,,,,,
509,dvd,Gladiator,Ridley Scott,Movie,5,5,Available,0,,,,Ridley Scott,136,Action,,,,,,,
510,dvd,The Dark Knight,Ridley Scott,Movie,5,5,Available,0,,,,Ridley Scott,126,Action,,,,,,,
511,dvd,Titanic,Christopher Nolan,Movie,3,3,Available,0,,,,Christopher Nolan,103,Sci-Fi,,,,,,,
512,dvd,Interstellar,Steven Spielberg,Movie,3,3,Available,0,,,,Steven Spielberg,101,Adventure,,,,,,,
513,dvd,The Dark Knight,James Cameron,Movie,2,2,Available,0,,,,James Cameron,102,Adventure,,,,,,,
514,dvd,The Matrix,Christopher Nolan,Movie,2,2,Available,0,,,,Christopher Nolan,127,Adventure,,,,,,,
515,dvd,Interstellar,James Cameron,Movie,5,5,Available,0,,,,James Cameron,106,Adventure,,,,,,,
516,dvd,Inception,Steven Spielberg,Movie,2,2,Available,0,,,,Steven Spielberg,133,Adventure,,,,,,,
517,dvd,Gladiator,James Cameron,Movie,1,1,Available,0,,,,James Cameron,175,Action,,,,,,,
518,dvd,The Matrix,Ridley Scott,Movie,4,4,Available,0,,,,Ridley Scott,156,Sci-Fi,,,,,,,
519,dvd,Interstellar,Steven Spielberg,Movie,5,5,Available,0,,,,Steven Spielberg,99,Action,,,,,,,
520,dvd,Avatar,Christopher Nolan,Movie,2,2,Available,0,,,,Christopher Nolan,160,Sci-Fi,,,,,,,
521,dvd,Gladiator,Christopher Nolan,Movie,2,2,Available,0,,,,Christopher Nolan,103,Drama,,,,,,,
522,dvd,The Dark Knight,Steven Spielberg,Movie,4,4,Available,0,,,,Steven Spielberg,130,Drama,,,,,,,
523,dvd,Titanic,James Cameron,Movie,5,5,Available,0,,,,James Cameron,139,Sci-Fi,,,,,,,
524,dvd,Interstellar,Ridley Scott,Movie,5,5,Available,0,,,,Ridley Scott,120,Sci-Fi,,,,,,,
525,dvd,Interstellar,Ridley Scott,Movie,1,1,Available,0,,,,Ridley Scott,140,Action,,,,,,,
526,dvd,The Dark Knight,James Cameron,Movie,1,1,Available,0,,,,James Cameron,92,Action,,,,,,,
527,dvd,Titanic,Ridley Scott,Movie,3,3,Available,0,,,,Ridley Scott,175,Action,,,,,,,
528,dvd,Interstellar,James Cameron,Movie,1,1,Available,0,,,,James Cameron,97,Drama,,,,,,,
529,dvd,The Matrix,James Cameron,Movie,4,4,Available,0,,,,James Cameron,161,Drama,,,,,,,
530,dvd,Avatar,Steven Spielberg,Movie,5,5,Available,0,,,,Steven Spielberg,112,Sci-Fi,,,,,,,
531,dvd,The Matrix,Ridley Scott,Movie,5,5,Available,0,,,,Ridley Scott,100,Action,,,,,,,
532,dvd,Gladiator,James Cameron,Movie,2,2,Available,0,,,,James Cameron,162,Action,,,,,,,
533,dvd,Gladiator,Ridley Scott,Movie,1,1,Available,0,,,,Ridley Scott,142,Drama,,,,,,,
534,dvd,The Matrix,Steven Spielberg,Movie,4,4,Available,0,,,,Steven Spielberg,94,Action,,,,,,,
535,dvd,Titanic,Ridley Scott,Movie,4,4,Available,0,,,,Ridley Scott,141,Action,,,,,,,
536,dvd,Titanic,Steven Spielberg,Movie,5,5,Available,0,,,,Steven Spielberg,111,Sci-Fi,,,,,,,
537,dvd,Gladiator,Steven Spielberg,Movie,3,3,Available,0,,,,Steven Spielberg,90,Sci-Fi,,,,,,,
538,dvd,Interstellar,James Cameron,Movie,4,4,Available,0,,,,James Cameron,119,Sci-Fi,,,,,,,
539,dvd,The Dark Knight,Steven Spielberg,Movie,2,2,Available,0,,,,Steven Spielberg,137,Action,,,,,,,
540,dvd,Interstellar,Steven Spielberg,Movie,4,4,Available,0,,,,Steven Spielberg,146,Sci-Fi,,,,,,,
541,dvd,Avatar,Steven Spielberg,Movie,3,3,Available,0,,,,Steven Spielberg,92,Adventure,,,,,,,
542,dvd,Gladiator,Christopher Nolan,Movie,1,1,Available,0,,,,Christopher Nolan,109,Adventure,,,,,,,
543,dvd,The Dark Knight,Steven Spielberg,Movie,4,4,Available,0,,,,Steven Spielberg,99,Sci-Fi,,,,,,,
544,dvd,Inception,Ridley Scott,Movie,2,2,Available,0,,,,Ridley Scott,172,Action,,,,,,,
545,dvd,Interstellar,Christopher Nolan,Movie,5,5,Available,0,,,,Christopher Nolan,102,Sci-Fi,,,,,,,
546,dvd,Inception,Christopher Nolan,Movie,2,2,Available,0,,,,Christopher Nolan,154,Drama,,,,,,,
547,dvd,Inception,James Cameron,Movie,1,1,Available,0,,,,James Cameron,160,Drama,,,,,,,
548,dvd,Interstellar,Steven Spielberg,Movie,2,2,Available,0,,,,Steven Spielberg,155,Action,,,,,,,
549,dvd,Avatar,Christopher Nolan,Movie,2,2,Available,0,,,,Christopher Nolan,124,Adventure,,,,,,,
550,dvd,The Dark Knight,James Cameron,Movie,4,4,Available,0,,,,James Cameron,143,Drama,,,,,,,
551,audiobook,Operating Systems,Stuart Russell,Education,1,1,Available,0,,,,,400,,Morgan Freeman,MP3,,,,,
552,audiobook,Machine Learning,Thomas Cormen,Education,3,3,Available,0,,,,,882,,Morgan Freeman,CD,,,,,
553,audiobook,Operating Systems,Donald Knuth,Education,3,3,Available,0,,,,,727,,Stephen Fry,CD,,,,,
554,audiobook,Software Engineering,Thomas Cormen,Education,1,1,Available,0,,,,,757,,Stephen Fry,MP3,,,,,
555,audiobook,Machine Learning,Donald Knuth,Education,1,1,Available,0,,,,,795,,Stephen Fry,CD,,,,,
556,audiobook,Software Engineering,Donald Knuth,Education,3,3,Available,0,,,,,871,,Stephen Fry,CD,,,,,
557,audiobook,Linear Algebra,Bjarne Stroustrup,Education,2,2,Available,0,,,,,747,,Morgan Freeman,CD,,,,,
558,audiobook,Data Structures,Donald Knuth,Education,1,1,Available,0,,,,,420,,Simon Vance,CD,,,,,
559,audiobook,Software Engineering,Donald Knuth,Education,2,2,Available,0,,,,,532,,Simon Vance,CD,,,,,
560,audiobook,Linear Algebra,Ian Sommerville,Education,2,2,Available,0,,,,,798,,Morgan Freeman,CD,,,,,
561,audiobook,Operating Systems,Thomas Cormen,Education,3,3,Available,0,,,,,431,,Stephen Fry,CD,,,,,
562,audiobook,Artificial Intelligence,Ian Sommerville,Education,2,2,Available,0,,,,,334,,Morgan Freeman,CD,,,,,
563,audiobook,Linear Algebra,Andrew Tanenbaum,Education,2,2,Available,0,,,,,698,,Simon Vance,CD,,,,,
564,audiobook,Digital Logic,Thomas Cormen,Education,1,1,Available,0,,,,,516,,Stephen Fry,CD,,,,,
565,audiobook,Computer Networks,Andrew Tanenbaum,Education,2,2,Available,0,,,,,283,,Simon Vance,CD,,,,,
566,audiobook,Operating Systems,Bjarne Stroustrup,Education,2,2,Available,0,,,,,217,,Simon Vance,MP3,,,,,
567,audiobook,Artificial Intelligence,Stuart Russell,Education,2,2,Available,0,,,,,434,,Jim Dale,CD,,,,,
568,audiobook,Digital Logic,Thomas Cormen,Education,4,4,Available,0,,,,,533,,Stephen Fry,MP3,,,,,
569,audiobook,Data Structures,Thomas Cormen,Education,3,3,Available,0,,,,,828,,Simon Vance,CD,,,,,
570,audiobook,Data Structures,Bjarne Stroustrup,Education,4,4,Available,0,,,,,859,,Jim Dale,MP3,,,,,
571,audiobook,Digital Logic,Bjarne Stroustrup,Education,2,2,Available,0,,,,,313,,Jim Dale,CD,,,,,
572,audiobook,Digital Logic,Donald Knuth,Education,4,4,Available,0,,,,,298,,Simon Vance,CD,,,,,
573,audiobook,Discrete Mathematics,Andrew Tanenbaum,Education,1,1,Available,0,,,,,608,,Morgan Freeman,MP3,,,,,
574,audiobook,Machine Learning,Bjarne Stroustrup,Education,4,3,Available,0,,,,,279,,Stephen Fry,MP3,,,,,
575,audiobook,Digital Logic,Bjarne Stroustrup,Education,1,1,Available,0,,,,,540,,Stephen Fry,MP3,,,,,
576,audiobook,Linear Algebra,Robert Martin,Education,1,1,Available,0,,,,,781,,Morgan Freeman,CD,,,,,
577,audiobook,Discrete Mathematics,Ian Sommerville,Education,1,1,Available,0,,,,,833,,Stephen Fry,MP3,,,,,
578,audiobook,Software Engineering,Andrew Tanenbaum,Education,3,3,Available,0,,,,,263,,Stephen Fry,MP3,,,,,
579,audiobook,Database Systems,Stuart Russell,Education,4,4,Available,0,,,,,657,,Simon Vance,CD,,,,,
580,audiobook,Operating Systems,Robert Martin,Education,1,1,Available,0,,,,,201,,Stephen Fry,CD,,,,,
581,audiobook,Discrete Mathematics,Andrew Tanenbaum,Education,4,4,Available,0,,,,,712,,Morgan Freeman,MP3,,,,,
582,audiobook,Linear Algebra,Stuart Russell,Education,4,4,Available,0,,,,,339,,Morgan Freeman,MP3,,,,,
583,audiobook,Data Structures,Ian Sommerville,Education,2,2,Available,0,,,,,618,,Stephen Fry,MP3,,,,,
584,audiobook,Digital Logic,Bjarne Stroustrup,Education,3,3,Available,0,,,,,859,,Stephen Fry,MP3,,,,,
585,audiobook,Computer Networks,Donald Knuth,Education,1,1,Available,0,,,,,218,,Morgan Freeman,MP3,,,,,
586,audiobook,Linear Algebra,Andrew Tanenbaum,Education,1,1,Available,0,,,,,511,,Jim Dale,MP3,,,,,
587,audiobook,Artificial Intelligence,Andrew Tanenbaum,Education,2,2,Available,0,,,,,513,,Simon Vance,CD,,,,,
588,audiobook,Operating Systems,Bjarne Stroustrup,Education,4,4,Available,0,,,,,888,,Simon Vance,CD,,,,,
589,audiobook,Digital Logic,Andrew Tanenbaum,Education,1,1,Available,0,,,,,855,,Morgan Freeman,MP3,,,,,
590,audiobook,Digital Logic,Bjarne Stroustrup,Education,1,1,Available,0,,,,,845,,Morgan Freeman,MP3,,,,,
591,audiobook,Software Engineering,Ian Sommerville,Education,3,3,Available,0,,,,,897,,Simon Vance,MP3,,,,,
592,audiobook,Database Systems,Donald Knuth,Education,2,2,Available,0,,,,,410,,Stephen Fry,CD,,,,,
593,audiobook,Computer Networks,Andrew Tanenbaum,Education,4,3,Available,0,,,,,836,,Stephen Fry,CD,,,,,
594,audiobook,Machine Learning,Stuart Russell,Education,3,3,Available,0,,,,,427,,Morgan Freeman,MP3,,,,,
595,audiobook,Machine Learning,Andrew Tanenbaum,Education,3,3,Available,0,,,,,779,,Simon Vance,CD,,,,,
596,audiobook,Artificial Intelligence,Robert Martin,Education,1,1,Available,0,,,,,394,,Morgan Freeman,CD,,,,,
597,audiobook,Computer Networks,Andrew Tanenbaum,Education,3,3,Available,0,,,,,674,,Morgan Freeman,CD,,,,,
598,audiobook,Artificial Intelligence,Donald Knuth,Education,3,3,Available,0,,,,,730,,Jim Dale,CD,,,,,
599,audiobook,Discrete Mathematics,Thomas Cormen,Education,1,1,Available,0,,,,,763,,Simon Vance,MP3,,,,,
600,audiobook,Operating Systems,Ian Sommerville,Education,2,2,Available,0,,,,,471,,Morgan Freeman,CD,,,,,
601,magazine,Forbes,McGraw Hill,Periodical,7,7,Available,0,,McGraw Hill,,,,,,,8,10,Feb 2025,,
602,magazine,Tech Today,Oxford Press,Periodical,8,8,Available,0,,Oxford Press,,,,,,,19,10,Jan 2018,,
603,magazine,Time,MIT Press,Periodical,8,8,Available,0,,MIT Press,,,,,,,17,5,Aug 2023,,
604,magazine,Tech Today,MIT Press,Periodical,5,5,Available,0,,MIT Press,,,,,,,14,8,Apr 2025,,
605,magazine,Scientific American,Cambridge,Periodical,9,9,Available,0,,Cambridge,,,,,,,14,9,Jul 2021,,
606,magazine,Forbes,Springer,Periodical,9,9,Available,0,,Springer,,,,,,,19,1,Nov 2018,,
607,magazine,Forbes,MIT Press,Periodical,8,8,Available,0,,MIT Press,,,,,,,18,4,Aug 2023,,
608,magazine,Time,Springer,Periodical,9,9,Available,0,,Springer,,,,,,,19,6,Jan 2024,,
609,magazine,Tech Today,MIT Press,Periodical,5,5,Available,0,,MIT Press,,,,,,,16,8,Jan 2018,,
610,magazine,Scientific American,Springer,Periodical,9,9,Available,0,,Springer,,,,,,,18,10,Jan 2022,,
611,magazine,Tech Today,MIT Press,Periodical,10,10,Available,0,,MIT Press,,,,,,,3,8,Feb 2021,,
612,magazine,Forbes,Cambridge,Periodical,6,6,Available,0,,Cambridge,,,,,,,19,9,Jun 2023,,
613,magazine,Tech Today,Pearson,Periodical,7,7,Available,0,,Pearson,,,,,,,1,3,Sep 2024,,
614,magazine,Time,Pearson,Periodical,6,6,Available,0,,Pearson,,,,,,,18,10,May 2025,,
615,magazine,Scientific American,Pearson,Periodical,5,5,Available,0,,Pearson,,,,,,,19,5,Jun 2023,,
616,magazine,Time,Springer,Periodical,4,4,Available,0,,Springer,,,,,,,7,6,Oct 2021,,
617,magazine,National Geographic,Cambridge,Periodical,10,10,Available,0,,Cambridge,,,,,,,20,6,Jan 2022,,
618,magazine,Tech Today,Pearson,Periodical,5,4,Available,0,,Pearson,,,,,,,16,3,Apr 2022,,
619,magazine,Tech Today,Oxford Press,Periodical,9,9,Available,0,,Oxford Press,,,,,,,19,9,Oct 2022,,
620,magazine,Scientific American,Pearson,Periodical,4,4,Available,0,,Pearson,,,,,,,14,1,Jan 2020,,
621,magazine,Tech Today,Pearson,Periodical,4,4,Available,0,,Pearson,,,,,,,9,3,Feb 2025,,
622,magazine,Time,McGraw Hill,Periodical,5,5,Available,0,,McGraw Hill,,,,,,,5,4,Jan 2019,,
623,magazine,National Geographic,MIT Press,Periodical,5,5,Available,0,,MIT Press,,,,,,,15,11,May 2025,,
624,magazine,Time,Pearson,Periodical,8,8,Available,0,,Pearson,,,,,,,20,5,Nov 2018,,
625,magazine,Scientific American,Pearson,Periodical,6,6,Available,0,,Pearson,,,,,,,5,10,Sep 2025,,
626,magazine,Time,Springer,Periodical,6,6,Available,0,,Springer,,,,,,,1,12,Sep 2023,,
627,magazine,Tech Today,MIT Press,Periodical,7,7,Available,0,,MIT Press,,,,,,,10,12,Sep 2022,,
628,magazine,Tech Today,MIT Press,Periodical,5,5,Available,0,,MIT Press,,,,,,,18,10,Feb 2021,,
629,magazine,Tech Today,McGraw Hill,Periodical,3,3,Available,0,,McGraw Hill,,,,,,,5,6,Sep 2025,,
630,magazine,Forbes,Pearson,Periodical,3,3,Available,0,,Pearson,,,,,,,15,3,Jul 2019,,
631,magazine,Tech Today,MIT Press,Periodical,7,7,Available,0,,MIT Press,,,,,,,5,7,Apr 2024,,
632,magazine,Time,Oxford Press,Periodical,9,9,Available,0,,Oxford Press,,,,,,,16,11,Dec 2025,,
633,magazine,Tech Today,Oxford Press,Periodical,5,5,Available,0,,Oxford Press,,,,,,,20,5,Jun 2018,,
634,magazine,Scientific American,Pearson,Periodical,8,8,Available,0,,Pearson,,,,,,,2,10,Jun 2020,,
635,magazine,National Geographic,Cambridge,Periodical,3,3,Available,0,,Cambridge,,,,,,,3,6,May 2025,,
636,magazine,Forbes,Springer,Periodical,3,3,Available,0,,Springer,,,,,,,2,2,Aug 2022,,
637,magazine,Tech Today,MIT Press,Periodical,10,10,Available,0,,MIT Press,,,,,,,19,6,Oct 2025,,
638,magazine,National Geographic,Cambridge,Periodical,7,7,Available,0,,Cambridge,,,,,,,5,9,Oct 2020,,
639,magazine,Tech Today,Springer,Periodical,4,4,Available,0,,Springer,,,,,,,3,11,Aug 2021,,
640,magazine,Forbes,Oxford Press,Periodical,9,9,Available,0,,Oxford Press,,,,,,,11,6,Nov 2019,,
641,magazine,Forbes,Oxford Press,Periodical,3,3,Available,0,,Oxford Press,,,,,,,2,5,Aug 2024,,
642,magazine,Time,MIT Press,Periodical,6,6,Available,0,,MIT Press,,,,,,,1,3,Feb 2020,,
643,magazine,Forbes,Springer,Periodical,6,6,Available,0,,Springer,,,,,,,9,1,Dec 2023,,
644,magazine,Scientific American,Cambridge,Periodical,8,8,Available,0,,Cambridge,,,,,,,7,2,Dec 2018,,
645,magazine,Tech Today,Cambridge,Periodical,6,6,Available,0,,Cambridge,,,,,,,19,1,Jul 2023,,
646,magazine,Tech Today,MIT Press,Periodical,6,6,Available,0,,MIT Press,,,,,,,3,11,Jun 2021,,
647,magazine,Forbes,Springer,Periodical,10,10,Available,0,,Springer,,,,,,,18,1,Aug 2025,,
648,magazine,Time,Oxford Press,Periodical,7,7,Available,0,,Oxford Press,,,,,,,9,7,May 2019,,
649,magazine,Time,McGraw Hill,Periodical,3,3,Available,0,,McGraw Hill,,,,,,,18,12,Jan 2025,,
650,magazine,Tech Today,Springer,Periodical,4,4,Available,0,,Springer,,,,,,,11,12,Aug 2022,,
651,magazine,National Geographic,MIT Press,Periodical,3,3,Available,0,,MIT Press,,,,,,,2,7,Oct 2023,,
652,magazine,National Geographic,Pearson,Periodical,3,3,Available,0,,Pearson,,,,,,,17,7,Oct 2022,,
653,magazine,National Geographic,Pearson,Periodical,10,10,Available,0,,Pearson,,,,,,,3,3,Jan 2023,,
654,magazine,Time,Oxford Press,Periodical,5,5,Available,0,,Oxford Press,,,,,,,8,12,Jan 2019,,
655,magazine,National Geographic,McGraw Hill,Periodical,10,10,Available,0,,McGraw Hill,,,,,,,6,8,Mar 2024,,
656,magazine,Tech Today,Springer,Periodical,4,4,Available,0,,Springer,,,,,,,12,4,Aug 2019,,
657,magazine,Tech Today,Springer,Periodical,7,7,Available,0,,Springer,,,,,,,13,2,Oct 2019,,
658,magazine,Scientific American,McGraw Hill,Periodical,9,9,Available,0,,McGraw Hill,,,,,,,5,3,Aug 2024,,
659,magazine,Scientific American,Cambridge,Periodical,7,7,Available,0,,Cambridge,,,,,,,6,7,Oct 2020,,
660,magazine,Forbes,McGraw Hill,Periodical,9,9,Available,0,,McGraw Hill,,,,,,,4,11,Feb 2021,,
661,magazine,Forbes,Springer,Periodical,7,7,Available,0,,Springer,,,,,,,11,3,Sep 2019,,
662,magazine,National Geographic,Pearson,Periodical,5,5,Available,0,,Pearson,,,,,,,8,8,Jun 2025,,
663,magazine,National Geographic,McGraw Hill,Periodical,7,7,Available,0,,McGraw Hill,,,,,,,4,10,Aug 2020,,
664,magazine,Tech Today,Springer,Periodical,7,7,Available,0,,Springer,,,,,,,5,11,Feb 2021,,
665,magazine,Time,MIT Press,Periodical,4,4,Available,0,,MIT Press,,,,,,,11,8,Oct 2025,,
666,magazine,Time,Springer,Periodical,4,4,Available,0,,Springer,,,,,,,16,8,Jan 2019,,
667,magazine,National Geographic,Oxford Press,Periodical,3,3,Available,0,,Oxford Press,,,,,,,13,2,Jun 2025,,
668,magazine,Time,Oxford Press,Periodical,7,7,Available,0,,Oxford Press,,,,,,,7,8,Jul 2025,,
669,magazine,Forbes,Springer,Periodical,5,5,Available,0,,Springer,,,,,,,4,3,Oct 2023,,
670,magazine,Scientific American,Pearson,Periodical,9,9,Available,0,,Pearson,,,,,,,19,2,May 2024,,
671,magazine,Forbes,Cambridge,Periodical,8,8,Available,0,,Cambridge,,,,,,,19,11,Mar 2018,,
672,magazine,Scientific American,MIT Press,Periodical,3,3,Available,0,,MIT Press,,,,,,,18,11,Apr 2021,,
673,magazine,Tech Today,McGraw Hill,Periodical,9,9,Available,0,,McGraw Hill,,,,,,,13,8,Apr 2024,,
674,magazine,Tech Today,MIT Press,Periodical,8,8,Available,0,,MIT Press,,,,,,,2,2,Apr 2022,,
675,magazine,Time,Springer,Periodical,10,10,Available,0,,Springer,,,,,,,4,10,Jan 2021,,
676,magazine,Forbes,Pearson,Periodical,10,10,Available,0,,Pearson,,,,,,,7,11,Aug 2021,,
677,magazine,Forbes,Cambridge,Periodical,10,10,Available,0,,Cambridge,,,,,,,11,11,Feb 2025,,
678,magazine,Tech Today,Springer,Periodical,3,3,Available,0,,Springer,,,,,,,17,9,Oct 2021,,
679,magazine,Time,MIT Press,Periodical,4,4,Available,0,,MIT Press,,,,,,,9,4,Mar 2020,,
680,magazine,Time,Cambridge,Periodical,5,5,Available,0,,Cambridge,,,,,,,18,6,Jun 2025,,
681,magazine,National Geographic,Springer,Periodical,7,7,Available,0,,Springer,,,,,,,10,9,Feb 2018,,
682,magazine,Scientific American,Pearson,Periodical,10,10,Available,0,,Pearson,,,,,,,8,4,Oct 2021,,
683,magazine,National Geographic,Pearson,Periodical,9,9,Available,0,,Pearson,,,,,,,18,5,Nov 2023,,
684,magazine,Scientific American,Oxford Press,Periodical,7,6,Available,0,,Oxford Press,,,,,,,8,4,Nov 2023,,
685,magazine,National Geographic,McGraw Hill,Periodical,3,3,Available,0,,McGraw Hill,,,,,,,3,12,Apr 2024,,
686,magazine,Scientific American,Oxford Press,Periodical,3,3,Available,0,,Oxford Press,,,,,,,2,1,Apr 2024,,
687,magazine,Tech Today,Pearson,Periodical,8,8,Available,0,,Pearson,,,,,,,3,9,Sep 2023,,
688,magazine,Tech Today,MIT Press,Periodical,3,3,Available,0,,MIT Press,,,,,,,5,6,Feb 2018,,
689,magazine,Time,MIT Press,Periodical,7,7,Available,0,,MIT Press,,,,,,,10,4,Dec 2025,,
690,magazine,Tech Today,Cambridge,Periodical,5,5,Available,0,,Cambridge,,,,,,,14,6,Oct 2022,,
691,magazine,Time,Cambridge,Periodical,6,6,Available,0,,Cambridge,,,,,,,13,3,Oct 2022,,
692,magazine,Tech Today,Oxford Press,Periodical,8,8,Available,0,,Oxford Press,,,,,,,6,4,Nov 2021,,
693,magazine,Time,McGraw Hill,Periodical,10,10,Available,0,,McGraw Hill,,,,,,,11,6,Aug 2024,,
694,magazine,Tech Today,Oxford Press,Periodical,6,6,Available,0,,Oxford Press,,,,,,,9,3,Apr 2024,,
695,magazine,National Geographic,Oxford Press,Periodical,9,9,Available,0,,Oxford Press,,,,,,,13,3,Jan 2021,,
696,magazine,National Geographic,MIT Press,Periodical,7,7,Available,0,,MIT Press,,,,,,,7,7,Oct 2025,,
697,magazine,Time,Oxford Press,Periodical,9,9,Available,0,,Oxford Press,,,,,,,9,8,Jul 2023,,
698,magazine,National Geographic,MIT Press,Periodical,5,5,Available,0,,MIT Press,,,,,,,14,4,Oct 2018,,
699,magazine,Time,Springer,Periodical,10,10,Available,0,,Springer,,,,,,,12,6,Dec 2020,,
700,magazine,Scientific American,MIT Press,Periodical,10,10,Available,0,,MIT Press,,,,,,,18,3,May 2023,,
701,newspaper,Express Tribune,Pearson,News,6,6,Available,0,,Pearson,,,,,,,,,,9-4-2025,Karachi
702,newspaper,Pakistan Today,Cambridge,News,10,10,Available,0,,Cambridge,,,,,,,,,,7-11-2025,Islamabad
703,newspaper,The News,MIT Press,News,10,10,Available,0,,MIT Press,,,,,,,,,,10-1-2025,National
704,newspaper,The News,Cambridge,News,7,7,Available,0,,Cambridge,,,,,,,,,,5-8-2025,Islamabad
705,newspaper,Express Tribune,Oxford Press,News,14,14,Available,0,,Oxford Press,,,,,,,,,,17-2-2025,Islamabad
706,newspaper,Dawn,McGraw Hill,News,10,10,Available,0,,McGraw Hill,,,,,,,,,,12-5-2025,Karachi
707,newspaper,The News,MIT Press,News,8,8,Available,0,,MIT Press,,,,,,,,,,1-9-2025,National
708,newspaper,Dawn,Cambridge,News,11,11,Available,0,,Cambridge,,,,,,,,,,19-5-2025,Lahore
709,newspaper,Daily Jang,Springer,News,6,6,Available,0,,Springer,,,,,,,,,,19-8-2025,Lahore
710,newspaper,Daily Jang,Oxford Press,News,6,6,Available,0,,Oxford Press,,,,,,,,,,11-11-2025,Islamabad
711,newspaper,The News,MIT Press,News,6,6,Available,0,,MIT Press,,,,,,,,,,11-5-2025,Islamabad
712,newspaper,Express Tribune,MIT Press,News,6,6,Available,0,,MIT Press,,,,,,,,,,27-7-2025,Karachi
713,newspaper,The News,Pearson,News,8,8,Available,0,,Pearson,,,,,,,,,,3-7-2025,Islamabad
714,newspaper,Daily Jang,McGraw Hill,News,12,12,Available,0,,McGraw Hill,,,,,,,,,,11-2-2025,Islamabad
715,newspaper,Pakistan Today,Pearson,News,8,8,Available,0,,Pearson,,,,,,,,,,1-9-2025,Karachi
716,newspaper,Dawn,Oxford Press,News,7,7,Available,0,,Oxford Press,,,,,,,,,,12-5-2025,Lahore
717,newspaper,Daily Jang,MIT Press,News,5,5,Available,0,,MIT Press,,,,,,,,,,7-6-2025,Lahore
718,newspaper,The News,McGraw Hill,News,7,7,Available,0,,McGraw Hill,,,,,,,,,,21-7-2025,Lahore
719,newspaper,Daily Jang,Oxford Press,News,5,5,Available,0,,Oxford Press,,,,,,,,,,1-12-2025,Lahore
720,newspaper,Dawn,Oxford Press,News,10,10,Available,0,,Oxford Press,,,,,,,,,,28-9-2025,Islamabad
721,newspaper,Pakistan Today,McGraw Hill,News,12,12,Available,0,,McGraw Hill,,,,,,,,,,10-8-2025,National
722,newspaper,Pakistan Today,Cambridge,News,9,9,Available,0,,Cambridge,,,,,,,,,,1-6-2025,Karachi
723,newspaper,Pakistan Today,Cambridge,News,8,8,Available,0,,Cambridge,,,,,,,,,,17-4-2025,Karachi
724,newspaper,The News,Pearson,News,5,5,Available,0,,Pearson,,,,,,,,,,21-1-2025,National
725,newspaper,Express Tribune,Oxford Press,News,12,12,Available,0,,Oxford Press,,,,,,,,,,23-8-2025,Islamabad
726,newspaper,Dawn,McGraw Hill,News,13,13,Available,0,,McGraw Hill,,,,,,,,,,21-12-2025,Islamabad
727,newspaper,Express Tribune,Oxford Press,News,14,14,Available,0,,Oxford Press,,,,,,,,,,20-10-2025,Lahore
728,newspaper,Daily Jang,Springer,News,11,11,Available,0,,Springer,,,,,,,,,,17-2-2025,Karachi
729,newspaper,The News,Springer,News,12,12,Available,0,,Springer,,,,,,,,,,21-2-2025,Karachi
730,newspaper,Daily Jang,MIT Press,News,11,11,Available,0,,MIT Press,,,,,,,,,,26-4-2025,Lahore
731,newspaper,Daily Jang,MIT Press,News,15,15,Available,0,,MIT Press,,,,,,,,,,22-6-2025,Lahore
732,newspaper,Express Tribune,Cambridge,News,14,14,Available,0,,Cambridge,,,,,,,,,,6-2-2025,Islamabad
733,newspaper,Pakistan Today,Cambridge,News,14,14,Available,0,,Cambridge,,,,,,,,,,19-9-2025,Lahore
734,newspaper,Dawn,McGraw Hill,News,5,5,Available,0,,McGraw Hill,,,,,,,,,,25-9-2025,National
735,newspaper,Express Tribune,MIT Press,News,12,12,Available,0,,MIT Press,,,,,,,,,,26-10-2025,National
736,newspaper,Express Tribune,Springer,News,7,7,Available,0,,Springer,,,,,,,,,,5-11-2025,Lahore
737,newspaper,Express Tribune,Pearson,News,10,10,Available,0,,Pearson,,,,,,,,,,19-5-2025,Karachi
738,newspaper,Dawn,McGraw Hill,News,14,14,Available,0,,McGraw Hill,,,,,,,,,,21-4-2025,Karachi
739,newspaper,Dawn,McGraw Hill,News,7,7,Available,0,,McGraw Hill,,,,,,,,,,17-12-2025,Islamabad
740,newspaper,Express Tribune,Pearson,News,8,8,Available,0,,Pearson,,,,,,,,,,20-5-2025,National
741,newspaper,Dawn,Cambridge,News,5,5,Available,0,,Cambridge,,,,,,,,,,16-5-2025,Lahore
742,newspaper,Express Tribune,Cambridge,News,13,13,Available,0,,Cambridge,,,,,,,,,,15-1-2025,National
743,newspaper,Daily Jang,McGraw Hill,News,13,13,Available,0,,McGraw Hill,,,,,,,,,,9-6-2025,Lahore
744,newspaper,Pakistan Today,Pearson,News,7,7,Available,0,,Pearson,,,,,,,,,,8-12-2025,Lahore
745,newspaper,Daily Jang,Springer,News,10,10,Available,0,,Springer,,,,,,,,,,11-1-2025,Karachi
746,newspaper,Pakistan Today,MIT Press,News,6,6,Available,0,,MIT Press,,,,,,,,,,6-4-2025,Islamabad
747,newspaper,Pakistan Today,Cambridge,News,11,11,Available,0,,Cambridge,,,,,,,,,,28-1-2025,Lahore
748,newspaper,Dawn,Pearson,News,15,15,Available,0,,Pearson,,,,,,,,,,8-4-2025,Lahore
749,newspaper,The News,Springer,News,9,9,Available,0,,Springer,,,,,,,,,,10-7-2025,Lahore
750,newspaper,Daily Jang,Oxford Press,News,15,15,Available,0,,Oxford Press,,,,,,,,,,21-12-2025,National
751,newspaper,Dawn,Cambridge,News,12,12,Available,0,,Cambridge,,,,,,,,,,16-8-2025,Islamabad
752,newspaper,The News,Pearson,News,10,10,Available,0,,Pearson,,,,,,,,,,13-8-2025,Karachi
753,newspaper,Daily Jang,Pearson,News,12,12,Available,0,,Pearson,,,,,,,,,,12-1-2025,Lahore
754,newspaper,Pakistan Today,Springer,News,10,10,Available,0,,Springer,,,,,,,,,,15-7-2025,Islamabad
755,newspaper,Dawn,Springer,News,9,9,Available,0,,Springer,,,,,,,,,,4-6-2025,National
756,newspaper,Dawn,McGraw Hill,News,11,11,Available,0,,McGraw Hill,,,,,,,,,,5-5-2025,National
757,newspaper,Pakistan Today,Oxford Press,News,12,12,Available,0,,Oxford Press,,,,,,,,,,28-12-2025,National
758,newspaper,The News,Springer,News,11,11,Available,0,,Springer,,,,,,,,,,24-2-2025,National
759,newspaper,Express Tribune,Cambridge,News,10,10,Available,0,,Cambridge,,,,,,,,,,6-7-2025,National
760,newspaper,Dawn,Cambridge,News,11,11,Available,0,,Cambridge,,,,,,,,,,9-5-2025,Karachi
761,newspaper,Pakistan Today,Springer,News,6,6,Available,0,,Springer,,,,,,,,,,14-12-2025,National
762,newspaper,Dawn,Pearson,News,10,10,Available,0,,Pearson,,,,,,,,,,7-9-2025,Lahore
763,newspaper,Daily Jang,Pearson,News,7,7,Available,0,,Pearson,,,,,,,,,,25-7-2025,National
764,newspaper,Daily Jang,McGraw Hill,News,12,12,Available,0,,McGraw Hill,,,,,,,,,,5-4-2025,Lahore
765,newspaper,Express Tribune,Oxford Press,News,13,13,Available,0,,Oxford Press,,,,,,,,,,6-6-2025,Karachi
766,newspaper,The News,Oxford Press,News,6,6,Available,0,,Oxford Press,,,,,,,,,,23-12-2025,Lahore
767,newspaper,The News,Springer,News,8,8,Available,0,,Springer,,,,,,,,,,24-2-2025,National
768,newspaper,Pakistan Today,Springer,News,11,11,Available,0,,Springer,,,,,,,,,,4-11-2025,National
769,newspaper,Express Tribune,McGraw Hill,News,6,6,Available,0,,McGraw Hill,,,,,,,,,,7-6-2025,National
770,newspaper,Daily Jang,Pearson,News,14,14,Available,0,,Pearson,,,,,,,,,,8-9-2025,Karachi
771,newspaper,Dawn,MIT Press,News,10,10,Available,0,,MIT Press,,,,,,,,,,24-10-2025,Karachi
772,newspaper,The News,Springer,News,14,14,Available,0,,Springer,,,,,,,,,,14-7-2025,Lahore
773,newspaper,Express Tribune,MIT Press,News,8,8,Available,0,,MIT Press,,,,,,,,,,1-4-2025,Karachi
774,newspaper,Dawn,McGraw Hill,News,8,8,Available,0,,McGraw Hill,,,,,,,,,,21-8-2025,Lahore
775,newspaper,Pakistan Today,Springer,News,12,12,Available,0,,Springer,,,,,,,,,,4-11-2025,National
776,newspaper,The News,Springer,News,8,8,Available,0,,Springer,,,,,,,,,,17-4-2025,Islamabad
777,newspaper,Daily Jang,McGraw Hill,News,14,14,Available,0,,McGraw Hill,,,,,,,,,,20-11-2025,Karachi
778,newspaper,The News,MIT Press,News,10,10,Available,0,,MIT Press,,,,,,,,,,28-2-2025,Islamabad
779,newspaper,Daily Jang,Pearson,News,5,5,Available,0,,Pearson,,,,,,,,,,12-5-2025,National
780,newspaper,Pakistan Today,MIT Press,News,11,11,Available,0,,MIT Press,,,,,,,,,,5-9-2025,National
781,newspaper,Express Tribune,Springer,News,8,8,Available,0,,Springer,,,,,,,,,,19-2-2025,Islamabad
782,newspaper,The News,Cambridge,News,10,10,Available,0,,Cambridge,,,,,,,,,,11-9-2025,Karachi
783,newspaper,Pakistan Today,Oxford Press,News,13,13,Available,0,,Oxford Press,,,,,,,,,,5-1-2025,Islamabad
784,newspaper,Express Tribune,Springer,News,13,13,Available,0,,Springer,,,,,,,,,,19-3-2025,National
785,newspaper,Daily Jang,Cambridge,News,13,13,Available,0,,Cambridge,,,,,,,,,,13-10-2025,Karachi
786,newspaper,Daily Jang,Springer,News,9,8,Available,0,,Springer,,,,,,,,,,17-11-2025,National
787,newspaper,The News,Cambridge,News,10,10,Available,0,,Cambridge,,,,,,,,,,18-9-2025,Karachi
788,newspaper,Pakistan Today,McGraw Hill,News,10,10,Available,0,,McGraw Hill,,,,,,,,,,17-1-2025,Karachi
789,newspaper,Pakistan Today,MIT Press,News,11,11,Available,0,,MIT Press,,,,,,,,,,9-8-2025,National
790,newspaper,Pakistan Today,Cambridge,News,5,5,Available,0,,Cambridge,,,,,,,,,,25-4-2025,Islamabad
791,newspaper,Dawn,Springer,News,15,15,Available,0,,Springer,,,,,,,,,,9-7-2025,National
792,newspaper,Dawn,MIT Press,News,13,13,Available,0,,MIT Press,,,,,,,,,,4-8-2025,Lahore
793,newspaper,Daily Jang,MIT Press,News,6,6,Available,0,,MIT Press,,,,,,,,,,24-3-2025,Lahore
794,newspaper,Dawn,Springer,News,12,12,Available,0,,Springer,,,,,,,,,,3-7-2025,Lahore
795,newspaper,Pakistan Today,MIT Press,News,15,15,Available,0,,MIT Press,,,,,,,,,,10-3-2025,National
796,newspaper,Pakistan Today,Oxford Press,News,15,15,Available,0,,Oxford Press,,,,,,,,,,14-7-2025,Lahore
797,newspaper,Pakistan Today,Pearson,News,11,11,Available,0,,Pearson,,,,,,,,,,13-12-2025,Karachi
798,newspaper,Express Tribune,McGraw Hill,News,9,9,Available,0,,McGraw Hill,,,,,,,,,,21-4-2025,Islamabad
799,newspaper,Express Tribune,Oxford Press,News,6,6,Available,0,,Oxford Press,,,,,,,,,,4-8-2025,Lahore
800,newspaper,Express Tribune,MIT Press,News,6,6,Available,0,,MIT Press,,,,,,,,,,21-5-2025,National
1,magazine,THE ?,Darwin Publishers,Explainatory,2,2,Available,0,,Darwin Publishers,,,,,,,1,777789,may 2222,,
